theta_climate,theta_infra,CAWCC_年_MW,年尺度限制约束,CAWCC_日_MW,日尺度限制约束
0.0,0.0,1150.0,reclaimed_water_substitution_ratio,1150.0,reclaimed_water_substitution_ratio
0.0,0.25,1200.0,reclaimed_water_substitution_ratio,1200.0,reclaimed_water_substitution_ratio
0.0,0.5,1300.0,reclaimed_water_substitution_ratio,1250.0,reclaimed_water_substitution_ratio
0.0,0.75,1350.0,reclaimed_water_substitution_ratio,1250.0,reclaimed_water_substitution_ratio
0.0,1.0,1450.0,reclaimed_water_substitution_ratio,1300.0,reclaimed_water_substitution_ratio
0.25,0.0,1250.0,reclaimed_water_substitution_ratio,1250.0,reclaimed_water_substitution_ratio
0.25,0.25,1350.0,reclaimed_water_substitution_ratio,1300.0,reclaimed_water_substitution_ratio
0.25,0.5,1400.0,reclaimed_water_substitution_ratio,1350.0,reclaimed_water_substitution_ratio
0.25,0.75,1500.0,reclaimed_water_substitution_ratio,1400.0,reclaimed_water_substitution_ratio
0.25,1.0,1550.0,reclaimed_water_substitution_ratio,1400.0,reclaimed_water_substitution_ratio
0.5,0.0,1300.0,reclaimed_water_substitution_ratio,1300.0,reclaimed_water_substitution_ratio
0.5,0.25,1400.0,reclaimed_water_substitution_ratio,1400.0,reclaimed_water_substitution_ratio
0.5,0.5,1500.0,reclaimed_water_substitution_ratio,1450.0,reclaimed_water_substitution_ratio
0.5,0.75,1600.0,reclaimed_water_substitution_ratio,1450.0,reclaimed_water_substitution_ratio
0.5,1.0,1650.0,reclaimed_water_substitution_ratio,1450.0,reclaimed_water_substitution_ratio
0.75,0.0,1300.0,reclaimed_water_substitution_ratio,1300.0,reclaimed_water_substitution_ratio
0.75,0.25,1400.0,reclaimed_water_substitution_ratio,1400.0,reclaimed_water_substitution_ratio
0.75,0.5,1550.0,reclaimed_water_substitution_ratio,1450.0,reclaimed_water_substitution_ratio
0.75,0.75,1650.0,reclaimed_water_substitution_ratio,1450.0,reclaimed_water_substitution_ratio
0.75,1.0,1700.0,reclaimed_water_substitution_ratio,1450.0,reclaimed_water_substitution_ratio
1.0,0.0,1300.0,reclaimed_water_substitution_ratio,1300.0,reclaimed_water_substitution_ratio
1.0,0.25,1400.0,reclaimed_water_substitution_ratio,1400.0,reclaimed_water_substitution_ratio
1.0,0.5,1500.0,reclaimed_water_substitution_ratio,1450.0,reclaimed_water_substitution_ratio
1.0,0.75,1600.0,reclaimed_water_substitution_ratio,1450.0,reclaimed_water_substitution_ratio
1.0,1.0,1650.0,reclaimed_water_substitution_ratio,1450.0,reclaimed_water_substitution_ratio
