ai_capacity_mw,total_withdrawal_ml,freshwater_withdrawal_ml,reclaimed_water_use_ml,consumption_ml,return_flow_ml,maximum_daily_withdrawal_ml,p95_daily_withdrawal_ml,maximum_7day_average_ml,summer_peak_withdrawal_ml,unmet_cooling_water_ml,freshwater_dependency_ratio,reclaimed_water_substitution_ratio,urban_water_circularity_ratio,consumption_fraction,return_ratio,system_reliability_fraction,domestic_unmet_ml,peak_capacity_ratio,coincident_city_ai_peak,max_wtw_utilization,max_wwtw_utilization,max_reuse_utilization,wastewater_ml,system_energy_kwh,system_carbon_kg_co2e,it_energy_mwh,facility_energy_mwh,offsite_electricity_water_ml,max_local_connection_ratio,max_daily_average_grid_connection_ratio,internal_cooling_recovery_ratio
0.0,0.0,0.0,0.0,0.0,0.0,0.0,0.0,0.0,0.0,0.0,0.0,0.0,0.0,0.0,0.0,1.0,0.0,0.31,1.0,0.296231884057971,0.94,0.65625,249.29999999999998,103799.30610452348,36329.75713658323,0.0,0.0,0.0,,,0.0
250.0,82.71812122793989,30.381464134689413,52.33665709325048,64.31458244295713,17.403538784982764,8.671113663765716,8.550780109418167,8.671113663765716,8.671113663765716,0.0,0.3672890980075524,0.6327109019924476,0.6327109019924476,0.7775150292126491,0.21039572135620907,1.0,0.0,0.42204941020287473,1.0,0.42190019802559003,0.9574724808574563,1.0,266.70353878498275,57956778.976256,20284872.641689595,45000.0,57811.5,23.124600000000004,,,0.023116363636363636
500.0,164.43624245587978,104.91120638346405,59.52503607241574,128.62916488591426,34.80707756996553,16.807411530431214,16.807411530431214,16.78034454353088,16.807411530431214,0.0,0.6380053740987969,0.3619946259012031,0.3619946259012031,0.7822433969836486,0.21167521861431907,1.0000000000000002,0.0,0.5340988204057495,1.0,0.5330757583700206,0.9749449617149126,1.0,284.1070775699655,115812358.7496134,40534325.56236469,90000.0,115623.0,46.24920000000001,,,0.023116363636363636
750.0,246.1543636838197,182.38680957519608,63.767554108623614,192.94374732887138,52.21061635494829,25.211117295646822,25.211117295646822,25.170516815296317,25.211117295646822,0.0,0.7409448560882238,0.2590551439117762,0.2590551439117762,0.783832325543104,0.2121051829981441,1.0,0.0,0.6461482306086243,1.0,0.6442513187144513,0.992417442572369,1.0,301.51061635494824,173667938.52297086,60783778.48303981,135000.0,173434.5,69.3738,,,0.023116363636363636
1000.0,327.87248491175956,259.86241276692806,68.0100721448315,257.2583297718285,69.61415513993106,33.61482306086243,33.61482306086243,33.56068908706176,33.61482306086243,0.0,0.7925715780537819,0.20742842194621813,0.20742842194621813,0.7846292129120398,0.21232082087847762,1.0,0.0,0.758197640811499,1.0,0.755426879058882,1.0098899234298253,1.0,318.91415513993104,231523518.2963283,81033231.40371491,180000.0,231246.0,92.49840000000002,,,0.023116363636363636
1250.0,409.5906061396994,337.33801595866004,72.25259018103935,321.57291221478556,87.0176939249138,42.01852882607803,42.01852882607803,41.9508613588272,42.01852882607803,0.0,0.8235980291100814,0.17640197088991857,0.17640197088991857,0.7851081235615702,0.2124504141953749,0.9999999999999997,0.0,0.8702470510143738,1.0,0.8666024394033129,1.0273624042872818,1.0,336.3176939249138,289379098.06968576,101282684.32439001,225000.0,289057.5,115.62299999999999,,,0.023116363636363633
1500.0,491.3087273676394,417.3087273676394,74.0,385.88749465774276,104.42123270989659,50.422234591293645,50.422234591293645,50.341033630592634,50.422234591293645,0.0,0.8493818736001674,0.1506181263998326,0.1506181263998326,0.7854277222496571,0.2125368976638586,0.9982944243024873,1.2266819825943074,0.9822964612172486,1.0,0.9777779997477433,1.044834885144738,1.0,353.7212327098966,347235857.43279815,121532550.10147937,270000.0,346869.0,138.7476,,,0.023116363636363636
1750.0,553.1306116327128,479.13061163271277,74.0,434.54314915149274,117.58746248122003,56.24000000000001,56.24000000000001,56.24000000000001,56.24000000000001,19.89623696286651,0.8361398995649243,0.1291388007060493,0.13378395345281874,0.7856067626935753,0.21258534604354878,0.9000012318378436,61.92486535300195,1.12101253808679,1.0,0.99,1.0623073660021944,1.0,366.88746248122,405064730.663104,141772655.7320864,315000.0,404680.5,161.8722,,,0.023116363636363636
2000.0,556.4000000000001,482.4000000000001,74.0,438.69031391102703,118.70968608897311,56.24000000000001,56.24000000000001,56.24000000000001,56.24000000000001,96.34496982351904,0.7390328877301425,0.11336739985910145,0.1329978432782171,0.7884441299623058,0.21335313819010263,0.8176271987310476,67.91000000000001,1.2330619482896648,1.0,0.99,1.0730828199506408,1.0,368.00968608897307,462876600.0,162006809.99999997,360000.0,462492.0,184.99680000000004,,,0.023116363636363633
