域,域标签,情景,情景类型,层级,AI容量_MW,总取水量_ML,耗水量_ML,WUE_L_per_kWh,PUE,城市未满足量_ML,居民未满足量_ML,行数,大小_MB,耗时_秒,路径
co,D-CO 气候凉爽端,tech_dry,冷却技术,Tier2,750.0,0.0,0.0,0.0,1.297556684931507,4.455102953215828e-12,3.439026841078885e-12,11340,4.171,1.07,co/tech_dry
co,D-CO 气候凉爽端,tech_dry_first,冷却技术,Tier2,750.0,194.98268522473825,153.17951672337375,0.019785185768112397,1.2794710410958905,4.673150755252209e-12,3.581135388230905e-12,11340,4.212,1.04,co/tech_dry_first
co,D-CO 气候凉爽端,tech_efficient_evaporative,冷却技术,Tier2,750.0,19458.986538074867,16279.573097146436,1.9745325748861062,1.1226070547945204,5.647038392453396e-12,3.780087354243733e-12,11340,4.598,1.07,co/tech_efficient_evaporative
co,D-CO 气候凉爽端,tech_evaporative,冷却技术,Tier2,750.0,20744.559923557033,16928.424369737695,2.1049816361501303,1.1671284657534247,6.254552431528282e-12,4.206412995699793e-12,11340,4.577,1.05,co/tech_evaporative
co,D-CO 气候凉爽端,tech_hybrid,冷却技术,Tier2,750.0,1426.544273314516,1154.995130207828,0.1447535888708935,1.2197355205479454,5.136280289974593e-12,3.865352482534945e-12,11340,4.265,1.03,co/tech_hybrid
co,D-CO 气候凉爽端,tech_liquid_to_air,冷却技术,Tier2,750.0,0.0,0.0,0.0,1.2232997534246575,4.455102953215828e-12,3.439026841078885e-12,11340,4.171,1.06,co/tech_liquid_to_air
co,D-CO 气候凉爽端,tech_liquid_to_water,冷却技术,Tier2,750.0,17507.715971794096,14646.114270305348,1.7765342213747823,1.1216498767123286,5.432099214885966e-12,3.666400516522117e-12,11340,4.593,1.04,co/tech_liquid_to_water
co,D-CO 气候凉爽端,policy_a,分配政策,Tier2,1000.0,27655.41323140938,22571.232492983596,2.1046772216466794,1.1671284657534247,8.736122936170432e-12,0.0,11340,4.585,1.08,co/policy_a
co,D-CO 气候凉爽端,policy_b,分配政策,Tier2,1000.0,27655.41323140938,22571.232492983596,2.1046772216466794,1.1671284657534247,7.560174708487466e-12,4.973799150320701e-12,11340,4.57,1.1,co/policy_b
co,D-CO 气候凉爽端,policy_c,分配政策,Tier2,1000.0,27655.41323140938,22571.232492983596,2.1046772216466794,1.1671284657534247,9.07363073565648e-12,0.0,11340,4.564,1.09,co/policy_c
co,D-CO 气候凉爽端,press_g1,外部压力,Tier2,1000.0,27733.104055304044,22634.66813437919,2.1105897750413383,1.1701531232876712,7.334577389883634e-12,4.831690603168681e-12,11340,4.57,1.1,co/press_g1
co,D-CO 气候凉爽端,press_g2,外部压力,Tier2,1000.0,27674.835937383046,22587.091403332495,2.106155359995344,1.1678846301369863,7.885248010097712e-12,5.172751116333529e-12,11340,4.574,1.11,co/press_g2
co,D-CO 气候凉爽端,press_g3,外部压力,Tier2,1000.0,27733.104055304044,22634.66813437919,2.1105897750413383,1.1701531232876712,4183.575494599805,2596.099388277273,11340,4.535,1.11,co/press_g3
co,D-CO 气候凉爽端,cap_0000,容量扫描,Tier1,0.0,0.0,0.0,,1.1671284657534247,4.455102953215828e-12,3.439026841078885e-12,69833,8.885,1.67,co/cap_0000
co,D-CO 气候凉爽端,cap_0250,容量扫描,Tier1,250.0,6922.853307852345,5642.808123245899,2.1074169521777435,1.1671284657534247,6.198597191087174e-12,4.291678123991005e-12,69833,9.703,1.49,co/cap_0250
co,D-CO 气候凉爽端,cap_0500,容量扫描,Tier1,500.0,13833.706615704692,11285.616246491798,2.1055904651570345,1.1671284657534247,6.31494856406789e-12,4.291678123991005e-12,69833,9.711,1.52,co/cap_0500
co,D-CO 气候凉爽端,cap_0750,容量扫描,Tier1,750.0,20744.559923557033,16928.424369737695,2.1049816361501303,1.1671284657534247,6.254552431528282e-12,4.206412995699793e-12,69833,9.711,1.47,co/cap_0750
co,D-CO 气候凉爽端,cap_1000,容量扫描,Tier1,1000.0,27655.41323140938,22571.232492983596,2.1046772216466794,1.1671284657534247,7.560174708487466e-12,4.973799150320701e-12,69833,9.711,1.5,co/cap_1000
co,D-CO 气候凉爽端,cap_1250,容量扫描,Tier1,1250.0,34566.26653926173,28214.040616229497,2.1044945729446085,1.1671284657534247,6.153300091682468e-12,3.780087354243733e-12,69833,9.682,1.53,co/cap_1250
co,D-CO 气候凉爽端,cap_1500,容量扫描,Tier1,1500.0,41477.11984711407,33856.84873947539,2.1043728071432275,1.1671284657534247,6.258105145207082e-12,3.694822225952521e-12,69833,9.695,1.51,co/cap_1500
co,D-CO 气候凉爽端,cap_1750,容量扫描,Tier1,1750.0,48387.973154966414,39499.6568627213,2.104285831570813,1.1671284657534247,4.6345149939952535e-12,2.6147972675971687e-12,69833,9.661,1.5,co/cap_1750
co,D-CO 气候凉爽端,cap_2000,容量扫描,Tier1,2000.0,55298.82646281876,45142.46498596719,2.104220599891502,1.1671284657534247,4.458655666894629e-12,2.2453150450019166e-12,69833,9.627,1.46,co/cap_2000
ha,D-HA 缺水—高冷负荷端,tech_dry,冷却技术,Tier2,750.0,0.0,0.0,0.0,1.3557046164383562,5.059064278611913e-12,3.836930773104541e-12,11340,4.196,1.1,ha/tech_dry
ha,D-HA 缺水—高冷负荷端,tech_dry_first,冷却技术,Tier2,750.0,4277.120458962589,3356.7761625594567,0.4340058335725106,1.3286731369863014,4.514069673611232e-12,3.296918293926865e-12,11340,4.312,1.09,ha/tech_dry_first
ha,D-HA 缺水—高冷负荷端,tech_efficient_evaporative,冷却技术,Tier2,750.0,20911.202491967226,16448.291535147502,2.12189110772229,1.1337893493150684,5.4010129701964615e-12,3.694822225952521e-12,11340,4.584,1.09,ha/tech_efficient_evaporative
ha,D-HA 缺水—高冷负荷端,tech_evaporative,冷却技术,Tier2,750.0,21778.30762331401,17130.728962963047,2.209877567055362,1.180547219178082,5.638156608256395e-12,3.780087354243733e-12,11340,4.574,1.03,ha/tech_evaporative
ha,D-HA 缺水—高冷负荷端,tech_hybrid,冷却技术,Tier2,750.0,6472.491987990705,5084.598597472761,0.6567734782060934,1.2443365684931509,4.004907516730327e-12,2.8990143619012088e-12,11340,4.347,1.0,ha/tech_hybrid
ha,D-HA 缺水—高冷负荷端,tech_liquid_to_air,冷却技术,Tier2,750.0,0.0,0.0,0.0,1.254610178082192,5.059064278611913e-12,3.836930773104541e-12,11340,4.198,1.12,ha/tech_liquid_to_air
ha,D-HA 缺水—高冷负荷端,tech_liquid_to_water,冷却技术,Tier2,750.0,18891.340564023725,14858.600356054452,1.9169326857770912,1.1373050890410956,4.990674540295004e-12,3.439026841078885e-12,11340,4.579,1.07,ha/tech_liquid_to_water
ha,D-HA 缺水—高冷负荷端,policy_a,分配政策,Tier2,1000.0,29033.743497752013,22840.971950617397,2.209573152551911,1.180547219178082,7.631228982063476e-12,0.0,11340,4.587,1.09,ha/policy_a
ha,D-HA 缺水—高冷负荷端,policy_b,分配政策,Tier2,1000.0,29033.743497752017,22840.971950617397,2.209573152551912,1.180547219178082,6.0254023992456496e-12,3.922195901395753e-12,11340,4.563,1.1,ha/policy_b
ha,D-HA 缺水—高冷负荷端,policy_c,分配政策,Tier2,1000.0,29033.743497752017,22840.971950617397,2.209573152551912,1.180547219178082,9.169554004984091e-12,0.0,11340,4.566,1.07,ha/policy_c
ha,D-HA 缺水—高冷负荷端,press_g1,外部压力,Tier2,1000.0,29114.34565832452,22904.408238962314,2.215707269223861,1.1835718767123289,6.242117933652479e-12,4.035882739117369e-12,11340,4.563,1.05,ha/press_g1
ha,D-HA 缺水—高冷负荷端,press_g2,外部压力,Tier2,1000.0,29053.89403789514,22856.831022703627,2.2111066817198983,1.1813033835616438,1974.4564692156869,1217.2097954075846,11340,4.539,1.15,ha/press_g2
ha,D-HA 缺水—高冷负荷端,press_g3,外部压力,Tier2,1000.0,29114.34565832452,22904.408238962314,2.215707269223861,1.1835718767123289,13457.667111751582,8323.977385034486,11340,4.53,1.18,ha/press_g3
ha,D-HA 缺水—高冷负荷端,cap_0000,容量扫描,Tier1,0.0,0.0,0.0,,1.180547219178082,5.059064278611913e-12,3.836930773104541e-12,69833,8.922,1.38,ha/cap_0000
ha,D-HA 缺水—高冷负荷端,cap_0250,容量扫描,Tier1,250.0,7267.435874438004,5710.242987654348,2.212312883082975,1.180547219178082,5.184741524999481e-12,3.609557097661309e-12,69833,9.694,1.48,ha/cap_0250
ha,D-HA 缺水—高冷负荷端,cap_0500,容量扫描,Tier1,500.0,14522.871748876008,11420.485975308697,2.2104863960622656,1.180547219178082,5.305089700868848e-12,3.666400516522117e-12,69833,9.704,1.46,ha/cap_0500
ha,D-HA 缺水—高冷负荷端,cap_0750,容量扫描,Tier1,750.0,21778.30762331401,17130.728962963047,2.209877567055362,1.180547219178082,5.638156608256395e-12,3.780087354243733e-12,69833,9.698,1.53,ha/cap_0750
ha,D-HA 缺水—高冷负荷端,cap_1000,容量扫描,Tier1,1000.0,29033.743497752017,22840.971950617397,2.209573152551912,1.180547219178082,6.0254023992456496e-12,3.922195901395753e-12,69833,9.687,1.48,ha/cap_1000
ha,D-HA 缺水—高冷负荷端,cap_1250,容量扫描,Tier1,1250.0,36289.17937219002,28551.214938271743,2.20939050384984,1.180547219178082,6.862066470603168e-12,4.348521542851813e-12,69833,9.678,1.64,ha/cap_1250
ha,D-HA 缺水—高冷负荷端,cap_1500,容量扫描,Tier1,1500.0,43544.61524662802,34261.45792592609,2.209268738048459,1.180547219178082,5.895728349969431e-12,3.467448550509289e-12,69833,9.663,1.37,ha/cap_1500
ha,D-HA 缺水—高冷负荷端,cap_1750,容量扫描,Tier1,1750.0,50800.051121066026,39971.70091358044,2.2091817624760446,1.180547219178082,4.488853733164433e-12,2.501110429875553e-12,69833,9.626,1.4,ha/cap_1750
ha,D-HA 缺水—高冷负荷端,cap_2000,容量扫描,Tier1,2000.0,58055.486995504034,45681.94390123479,2.209116530796734,1.180547219178082,1863.849696551516,992.1972727431984,69833,9.665,1.41,ha/cap_2000
ha,D-HA 缺水—高冷负荷端,energy_rich,能源富集,Tier2,1000.0,29033.743497752017,22840.971950617397,2.209573152551912,1.180547219178082,6.0254023992456496e-12,3.922195901395753e-12,11340,4.564,1.07,ha/energy_rich
