domain,start_c,full_c,band_width_c,annual_withdrawal_ml,mean_wet_fraction,wet_days_per_year,daily_peak_factor
ha,22.0,30.0,8.0,1630.336394608241,0.05319860564411182,109,15.256497139795938
ha,21.0,29.0,8.0,2282.103483832822,0.0749510933724971,129,12.65021925509677
ha,20.0,29.0,9.0,2719.199814138712,0.08974963840626636,153,10.743355422096544
ha,20.0,28.0,8.0,3054.7277410802967,0.10087824202660174,154,10.476978172198068
ha,19.0,28.0,9.0,3479.709734768606,0.1153517950911489,169,9.197409641823015
ha,18.0,28.0,10.0,3877.447529510795,0.128967198155301,184,8.253964914218725
ha,18.0,27.0,9.0,4277.120458962589,0.1423534270925813,184,7.483043522757726
co,22.0,30.0,8.0,17.263447170302264,0.00018173281981004167,1,730.0
co,21.0,29.0,8.0,27.183320817171303,0.0005319461439763715,2,393.12990327405726
co,20.0,29.0,9.0,53.75264634672948,0.0014835440788746072,7,216.13492924453863
co,20.0,28.0,8.0,58.97172714007067,0.001668987088733933,8,203.06429957987945
co,19.0,28.0,9.0,95.77784899397427,0.0029866789088564736,9,153.8035632933942
co,18.0,28.0,10.0,176.68441670226443,0.005940003373454075,21,82.96643394023823
co,18.0,27.0,9.0,194.98268522473825,0.006600003748282305,25,83.53377617266679
