date,temperature_c,rainfall_mm,wr1_inflow_ml,wr2_inflow_ml
2011-01-01,3.944430407257293,2.295484155128177,517.270402234956,21.628030755468544
2011-01-02,5.139664547027037,0.8414768537583053,516.2857972453668,21.586862602593733
2011-01-03,2.948954635831259,3.3220260592224324,515.3809349475976,21.54902863892394
2011-01-04,9.634998214273665,3.245822461392469,514.5560831049604,21.514540060137715
2011-01-05,1.6829461742521978,7.6663827147583925,513.8114858043857,21.48340707196038
2011-01-06,6.3215824662112485,3.939708465702454,513.1473633841944,21.455638887144016
2011-01-07,-0.5315835146240251,15.039252380789911,512.5639123688952,21.43124372274126
2011-01-08,-0.5285381249022332,0.0,512.0613054110305,21.410228797673746
2011-01-09,5.44376781939954,0.0,511.639691240085,21.392600330595887
2011-01-10,3.012434544251077,0.0,511.2991946184754,21.37836353805472
2011-01-11,4.4344556971028615,0.0,511.03991630462986,21.367522632946194
2011-01-12,6.053033420340023,2.487705871943031,510.86193302317275,21.360080823268547
2011-01-13,6.686470315927844,0.0,510.7652974422208,21.356040311172993
2011-01-14,2.17561192486715,1.6553081078668643,510.75003815779684,21.35540229231206
2011-01-15,1.380016121335065,0.0,510.816159685369,21.35816695548581
2011-01-16,0.009944179078862803,14.94977816204109,510.963642458513,21.36433348258591
2011-01-17,4.753149818347362,10.088880111288857,511.19244283470385,21.373900048837793
2011-01-18,-0.3252950696959038,10.109081089041851,511.5024931082291,21.386863823340587
2011-01-19,1.2178601632528037,2.4849610422591417,511.8937015302246,21.403220969904858
2011-01-20,0.8403928698276302,3.0647341845745095,512.3659523358242,21.422966648187774
2011-01-21,1.2151005773232608,0.4623349138929694,512.919105778417,21.446095015125447
2011-01-22,0.684964626445797,5.4705522086593295,513.5529981709997,21.47259922666201
2011-01-23,-1.9509592460669758,0.0,514.2674419346152,21.50247143977485
2011-01-24,2.972105912067865,4.449169019432695,515.0622256538594,21.535702814795513
2011-01-25,-0.9958381462170678,1.823465126885768,515.937114139443,21.57228351802549
2011-01-26,-0.7497108387369393,12.251181138592555,516.8918484977874,21.61220272464616
2011-01-27,3.022508135909173,0.0,517.926146207636,21.65544862192206
2011-01-28,-3.678120418718067,7.482861487062234,519.0397012036559,21.70200841269641
2011-01-29,2.605152619843862,17.22497877438947,520.2321839670086,21.75186831917806
2011-01-30,-7.33915229769437,1.3870041083176063,521.5032416228594,21.805013587018507
2011-01-31,1.9152330258476367,3.6830090906613067,522.852498044798,21.86142848967797
2011-02-01,-6.542547635819568,0.0,524.2795539661423,21.92109633307912
2011-02-02,5.007324353349418,0.0,525.783987098086,21.98399946054715
2011-02-03,-5.95594550961543,11.306353592806621,527.3653522546609,22.050119258034602
2011-02-04,-0.38786514276001094,0.0,529.0231814844759,22.119436159629654
2011-02-05,-9.39279811375052,0.0,530.7569842091898,22.191929653345912
2011-02-06,1.0048779824036647,0.0,532.566247368682,22.267578287192276
2011-02-07,-0.6616150326691488,5.126319904532093,534.4504355728757,22.34635967552093
2011-02-08,-3.5113657425554603,1.2876464537966015,536.4089912601675,22.428250505651597
2011-02-09,-0.68714853308335,0.0,538.4413348624191,22.513226544770138
2011-02-10,-0.5714041962593319,0.0,540.5468649764617,22.601262647099443
2011-02-11,-1.4514988311394847,1.5126361808893114,542.7249585420598,22.692332761340477
2011-02-12,-1.8631225034496894,0.0,544.9749710262851,22.786409938381254
2011-02-13,-2.124784768871028,0.0,547.296236614244,22.883466339271525
2011-02-14,-0.9587789749481936,1.4966834576115733,549.688068406104,22.983473243460793
2011-02-15,-5.739648743850904,6.120011843390335,552.1497586203566,23.086401057297138
2011-02-16,-5.951625409947907,0.0,554.680578803263,23.19221932278451
2011-02-17,-5.378231881157333,3.593379989996059,557.2797800444137,23.30089672659569
2011-02-18,-2.3028222750720038,0.0,559.9465931983444,23.41240110933844
2011-02-19,-0.14021518078713324,0.0,562.680229112138,23.526699475071972
2011-02-20,-1.8301409019659112,8.231609466734254,565.4798788589478,23.64375800107099
2011-02-21,-2.3818412059333594,3.1348003901338837,568.3447139773716,23.763542047834353
2011-02-22,-6.5338761332940685,0.0,571.273886716607,23.88601616933548
2011-02-23,-1.4066097614957114,2.1284970054728687,574.2665302873146,24.01114412351141
2011-02-24,0.9233066068382563,3.984049004672568,577.321759118115,24.138888882987384
2011-02-25,-5.01431811893489,0.0,580.4386691176429,24.26921264603385
2011-02-26,0.19712010792929924,1.6696952784494328,583.6163379420836,24.402076847752625
2011-02-27,-0.4413838876356744,8.470744043948658,586.853825268108,24.537442171488834
2011-02-28,-4.010334745625037,0.0,590.1501730711301,24.67526856046537
2011-03-01,-5.204677159705504,4.569642913988821,593.5044059088018,24.81551522963631
2011-03-02,-0.8373006783766765,3.8441839776264235,596.9155312096623,24.95814067775591
2011-03-03,-7.0427485634751115,0.0,600.382539566855,25.10310269965944
2011-03-04,-11.814841817897689,0.0,603.9044050368285,25.25035839875241
2011-03-05,-1.4585550997834726,0.0,607.4800854429287,25.399864199704336
2011-03-06,-5.8213070651501955,1.8795016205260249,611.1085226837962,25.551575861343395
2011-03-07,-2.034242047257809,7.457551963859078,614.7886430464757,25.705448489748115
2011-03-08,-3.951614520164885,0.0,618.5193575241443,25.86143655153217
2011-03-09,-5.730803924186215,0.0,622.2995621383667,26.01949388731847
2011-03-10,-3.105490195178569,0.0,626.1281382657799,26.179573725398463
2011-03-11,-6.238018371183914,0.0,630.0039529691119,26.34162869557262
2011-03-12,-7.316365773088025,0.0,633.925859332436,26.505610843168053
2011-03-13,-6.61860627271064,0.5283931457724936,637.892696800562,26.671471643229076
2011-03-14,-7.564743528314197,0.0,641.9032915224631,26.8391620148765
2011-03-15,-5.193563045473686,0.45351468955537244,645.9564566986362,27.00863233583148
2011-03-16,3.322097362250976,12.130712550987436,650.050992932297,27.179832457099526
2011-03-17,-7.360641457531108,2.1714877199854943,654.1856885842992,27.35271171781042
2011-03-18,-3.683174364735761,1.9862375692843828,658.3593201316781,27.527218960209538
2011-03-19,-2.095970348407978,0.0,662.5706525297121,27.703302544796323
2011-03-20,-5.626150929207215,7.822240106095119,666.8184395773903,27.88091036560517
2011-03-21,-3.7776840598171972,0.4750901874483657,671.1014242861853,28.05998986562447
2011-03-22,-2.599906055582932,0.0,675.4183392520151,28.240488052349065
2011-03-23,-4.831873298740623,0.0,679.7679070302888,28.422351513461553
2011-03-24,-4.160581257321782,0.0,684.1488405139229,28.60552643263789
2011-03-25,-5.100351512298032,6.902859569474423,688.5598433142173,28.7899586054725
2011-03-26,-6.180453080700913,11.841039859640825,692.9996101444772,28.975593455518208
2011-03-27,1.4634052543500236,0.0,697.4668272062684,29.162376050436308
2011-03-28,-9.723162035290006,1.3322013286484415,701.9601725781918,29.35025111825192
2011-03-29,-3.101612969856977,0.0,706.4783166070607,29.539163063709854
2011-03-30,-6.670330791870241,0.0,711.0199223013673,29.729055984726156
2011-03-31,-2.4232728778033916,0.0,715.583645726919,29.919873688930412
2011-04-01,-6.586478393539853,0.0,720.1681364045312,30.111559710293985
2011-04-02,-0.39660097457168586,0.0,724.7720377096547,30.30405732583922
2011-04-03,-0.4116528009542484,3.0952919253937976,729.393987273824,30.497309572424694
2011-04-04,-2.5418112475648638,0.0,734.0326173878027,30.691259263601506
2011-04-05,-0.8102666178207998,1.6707231044744355,738.6865554063119,30.885849006535686
2011-04-06,-9.061354582657026,4.619621061913565,743.3544241542172,31.08102121899166
2011-04-07,-8.337788047761066,0.0,748.0348423340574,31.276718146371735
2011-04-08,-4.843977198297587,12.254075248094729,752.7264249347922,31.472881878806646
2011-04-09,0.7781702085901836,0.0,757.4277836416501,31.669454368291987
2011-04-10,-4.576196953763051,0.8934943243534712,762.1375272469518,31.866377445865577
2011-04-11,-3.395879857266644,4.637933222276716,766.854262061792,32.06359283882057
2011-04-12,-1.1044141558223668,0.0,771.5765923284542,32.26104218794931
2011-04-13,4.032878771227059,0.0,776.3031206334375,32.458667064812715
2011-04-14,-6.588342498696335,3.5658841206516456,781.0324483209739,32.65640898903027
2011-04-15,-0.5709847524509488,5.992362949702439,785.763175906913,32.85420944558521
2011-04-16,-3.270577972428892,8.835438169056085,790.4939034928522,33.052009902140156
2011-04-17,-1.2174746799179443,8.02760445407492,795.2232311803884,33.2497518263577
2011-04-18,0.5542016103012495,0.0,799.9497594853718,33.447376703221124
2011-04-19,0.2620640284263045,0.0,804.672089752034,33.644826052349856
2011-04-20,3.4446532109693955,0.0,809.3888245668743,33.84204144530485
2011-04-21,-0.7094949758980871,0.0,814.098568172176,34.03896452287844
2011-04-22,-5.65571929479726,0.0,818.7999268790338,34.23553701236378
2011-04-23,-1.6161864303262266,0.0,823.4915094797686,34.43170074479869
2011-04-24,-7.829360860291789,0.0,828.171927659609,34.627397672178766
2011-04-25,-1.178567336603765,0.0,832.8397964075143,34.82256988463474
2011-04-26,-5.346699618551411,4.658887485353444,837.4937344260235,35.01715962756892
2011-04-27,2.6456980596009725,0.0,842.1323645400021,35.211109318745734
2011-04-28,-6.0121770272115835,3.6816827269289902,846.7543141041714,35.40436156533121
2011-04-29,-2.7685265734417817,3.8124326916201685,851.3582154092949,35.59685918087644
2011-04-30,-5.7407827036804004,0.0,855.942706086907,35.78854520224001
2011-05-01,3.3415506497417455,3.112151453818038,860.5064295124587,35.979362906444265
2011-05-02,-1.6546266432039065,0.0,865.0480352067653,36.16925582746057
2011-05-03,0.5102818043966568,0.0,869.5661792356343,36.358167772918506
2011-05-04,1.0663421890848088,2.242442742002411,874.0595246075577,36.54604284073412
2011-05-05,-3.719236699690677,19.36960838624963,878.5267416693489,36.73282543565222
2011-05-06,0.9324933541834763,0.0,882.9665084996087,36.918460285697925
2011-05-07,0.19189755245224105,0.9060617338011575,887.3775112999031,37.10289245853253
2011-05-08,1.1716210307369375,0.0,891.7584447835372,37.286067377708875
2011-05-09,6.854350710838996,6.862160858877826,896.1080125618108,37.46793083882136
2011-05-10,-1.0377058685044551,0.0,900.4249275276406,37.64842902554595
2011-05-11,-0.931189487849046,6.106331394570092,904.7079122364357,37.82750852556526
2011-05-12,-2.403374593127075,4.106159300922669,908.955699284114,38.0051163463741
2011-05-13,2.145738896692464,0.0,913.1670316821479,38.18119993096089
2011-05-14,-0.12087873137928612,0.050841225623691956,917.3406632295269,38.35570717336001
2011-05-15,0.33831099136326653,9.175531387518342,921.475358881529,38.528586434070895
2011-05-16,-4.7135971801307175,0.0,925.5698951151898,38.69978655533894
2011-05-17,2.8464423750495564,0.0,929.623060291363,38.869256876293925
2011-05-18,4.589099949818319,0.0,933.6336550132639,39.03694724794135
2011-05-19,0.8690579480611492,3.4841740550550884,937.6004924813901,39.202808048002375
2011-05-20,7.544163119256294,9.254627753045703,941.5223988447142,39.36679019559781
2011-05-21,1.4603038677616216,0.0,945.3982135480462,39.52884516577197
2011-05-22,-2.465100033983931,0.0,949.2267896754594,39.688925003851956
2011-05-23,1.4490811465873434,0.0,953.0069942896818,39.84698233963826
2011-05-24,0.3247815600776174,0.0,956.7377087673505,40.00297040142232
2011-05-25,-2.38161702199298,4.5986720204716525,960.4178291300299,40.15684302982703
2011-05-26,1.5773844433362334,0.0,964.0462663708973,40.30855469146609
2011-05-27,3.20583372296403,0.0,967.6219467769976,40.458060492418014
2011-05-28,2.3174323353705657,0.0,971.143812246971,40.60531619151098
2011-05-29,0.01853638538117819,0.0,974.6108206041638,40.75027821341451
2011-05-30,0.8505774867354636,0.0,978.0219459050243,40.89290366153411
2011-05-31,-0.8299362247939261,0.9257251633546728,981.376178742696,41.033150330705055
2011-06-01,6.054701109126523,0.0,984.672526545718,41.17097671968159
2011-06-02,5.423064835564041,0.0,987.9100138717424,41.3063420434178
2011-06-03,1.539818892281151,0.0,991.0876826961832,41.439206245136575
2011-06-04,4.865757755501718,2.322401931864539,994.2045926957111,41.569530008183044
2011-06-05,-0.6200361969620567,4.654617004841165,997.2598215265114,41.69727476765901
2011-06-06,3.869092338482413,4.196975174953647,1000.2524650972191,41.82240272183495
2011-06-07,5.042429213874087,0.0,1003.1816378364543,41.94487684333607
2011-06-08,3.1515523340405758,15.952544982557901,1006.0464729548783,42.06466089009943
2011-06-09,0.12000322296281318,1.8277521160514023,1008.846122701688,42.18171941609845
2011-06-10,6.209722152515942,1.202965227257279,1011.5797586154816,42.296017781831985
2011-06-11,4.860041881674187,4.880036731019864,1014.2465717694125,42.407522164574736
2011-06-12,3.3929778259294805,0.0,1016.8457730105631,42.516199568385915
2011-06-13,4.351663473475234,0.0,1019.3765931934695,42.62201783387329
2011-06-14,3.456179703365366,0.0,1021.8382834077221,42.72494564770963
2011-06-15,7.945312566890111,0.0,1024.230115199582,42.824952551898896
2011-06-16,4.078450037886712,0.0,1026.5513807875411,42.92200895278917
2011-06-17,7.014944670992027,5.211741752515263,1028.8013932717663,43.016086129829944
2011-06-18,6.893580789913371,0.0,1030.9794868373642,43.10715624407098
2011-06-19,4.694878832925494,0.0,1033.085016951407,43.19519234640029
2011-06-20,6.507281678313963,11.439490803234872,1035.1173605536587,43.28016838551883
2011-06-21,4.817554986425812,3.3957514959887716,1037.0759162409504,43.362059215649495
2011-06-22,6.615735359847002,4.13919081571635,1038.960104445144,43.440840603978145
2011-06-23,10.959592342913815,1.4140788091950112,1040.7693676046363,43.516489237824516
2011-06-24,7.031130246531499,0.0,1042.5031703293503,43.588982731540774
2011-06-25,5.774000441336576,1.9976976902512598,1044.1609995591652,43.658299633135826
2011-06-26,8.220984107244929,2.7084759999124945,1045.74236471574,43.72441943062328
2011-06-27,9.598669439478519,20.255499565372013,1047.2467978476836,43.787322558091304
2011-06-28,10.324558127073885,2.9427925272039657,1048.673853769028,43.846990401492455
2011-06-29,10.979170137317269,0.752401822168708,1050.0231101909667,43.90340530415192
2011-06-30,10.668467690117087,0.0,1051.2941678468173,43.956550571992366
2011-07-01,10.694902752017807,0.0,1052.48665061017,44.00641047847401
2011-07-02,12.548689700569648,4.003286476300376,1053.60020560619,44.05297026924836
2011-07-03,10.436762563916814,3.884166351229782,1054.6345033160387,44.09621616652427
2011-07-04,5.237027757231269,0.0,1055.5892376743832,44.13613537314494
2011-07-05,10.120457847222378,0.44182776374033755,1056.4641261599668,44.17271607637491
2011-07-06,6.348992017079381,5.9577529171327095,1057.258909879211,44.20594745139557
2011-07-07,12.141367916696218,0.0,1057.9733536428264,44.23581966450842
2011-07-08,12.184238287689055,10.337634257313214,1058.607246035409,44.262323876044974
2011-07-09,9.081316351927951,0.0,1059.1603994780016,44.28545224298265
2011-07-10,10.838577207270903,0.0,1059.6326502836016,44.30519792126557
2011-07-11,15.487943725204515,0.0,1060.023858705597,44.321555067829834
2011-07-12,8.277314650293102,3.7449545870434284,1060.3339089791223,44.334518842332635
2011-07-13,11.494507415625083,0.0,1060.5627093553132,44.34408540858452
2011-07-14,11.900408740257625,0.0,1060.710192128457,44.35025193568462
2011-07-15,5.671275801711044,0.0,1060.7763136560293,44.35301659885836
2011-07-16,15.94993313237438,5.801495368401483,1060.7610543716055,44.352378579997435
2011-07-17,12.29650267732988,3.656571921887472,1060.6644187906534,44.34833806790188
2011-07-18,16.225637559564557,0.0,1060.4864355091963,44.340896258224234
2011-07-19,8.34139111750569,0.0,1060.2271571953509,44.33005535311571
2011-07-20,10.108104853160738,0.0,1059.886660573741,44.315818560574535
2011-07-21,7.4797668434014835,0.0,1059.4650464027957,44.29819009349668
2011-07-22,14.134212214373385,7.380868850488883,1058.9624394449309,44.27717516842916
2011-07-23,10.133136059782228,7.516742877924487,1058.3789884296316,44.252780004026405
2011-07-24,12.353670936144583,0.0,1057.7148660094404,44.22501181921005
2011-07-25,7.533851352808947,1.2145250944198513,1056.9702687088657,44.19387883103271
2011-07-26,11.021703763493475,0.0,1056.1454168662285,44.15939025224648
2011-07-27,10.43137863989611,0.3061678343547037,1055.2405545684592,44.12155628857669
2011-07-28,13.396047307680428,10.549907115075078,1054.25594957887,44.08038813570188
2011-07-29,15.143172842959055,2.4031167898935855,1053.191893257918,44.03589797594082
2011-07-30,17.492920784922152,2.142785167534473,1052.0487004769875,43.988098974647556
2011-07-31,14.64197260170728,0.0,1050.8267095252145,43.93700527631558
2011-08-01,10.961271311558114,0.0,1049.5262820093817,43.882632000392256
2011-08-02,14.120196063936616,0.0,1048.1478027469127,43.82499523680471
2011-08-03,12.341121479327896,0.0,1046.691679651999,43.764112041198565
2011-08-04,22.944083816461102,2.7783874216432736,1045.1583436148915,43.70000042989093
2011-08-05,18.10087567394128,0.0,1043.548248374392,43.63267937453904
2011-08-06,19.906233351519504,0.0,1041.8618703835864,43.56216879652626
2011-08-07,11.751899159528987,10.015830967465053,1040.0997086688535,43.48848956106704
2011-08-08,12.176376216696735,1.2272864888050048,1038.2622846821948,43.41166347103253
2011-08-09,16.582614108090745,1.194899051327378,1036.3501421469296,43.331713260498795
2011-08-10,13.188662374062794,0.0,1034.3638468967972,43.24866258801939
2011-08-11,12.006295930188106,0.0,1032.3039867085188,43.162536029624476
2011-08-12,13.402170252564394,3.500659512471796,1030.171171127864,43.07335907154832
2011-08-13,16.191346819310247,0.0,1027.9660312892768,42.98115810268752
2011-08-14,15.290649292828762,0.0,1025.6892197291124,42.88596040679216
2011-08-15,8.829692030953257,0.41877482731742705,1023.3414101925425,42.78779415439202
2011-08-16,18.53017225765339,7.558821288911598,1020.9232974341811,42.68668839446053
2011-08-17,13.262354606022782,4.5364955256865995,1018.4355970124974,42.5826730458187
2011-08-18,11.000774359570073,2.27457962024061,1015.8790450780691,42.47577888828163
2011-08-19,16.009831626109666,13.210442155538596,1013.2543981557448,42.3660375535503
2011-08-20,9.887360179115758,5.72854505218623,1010.5624329207751,42.25348151585122
2011-08-21,17.615614735806616,4.314264168380035,1007.8039459689828,42.138144082326804
2011-08-22,16.681036523294495,6.937407811344692,1004.9797535810367,42.02005938317923
2011-08-23,21.5839040088093,0.0,1002.0906914809011,41.89926236157078
2011-08-24,14.46595618287306,0.6164187843647004,999.1376145885322,41.77578876328357
2011-08-25,12.959198358348079,0.0,996.1213967668928,41.64967512614186
2011-08-26,23.075749790752198,0.0,993.0429305633626,41.52095876919983
2011-08-27,14.248718530533841,9.934906860396218,989.903126945619,41.38967778169835
2011-08-28,12.863196988968632,0.0,986.702915032067,41.255871011793744
2011-08-29,15.044438795244645,0.0,983.4432418168983,41.11957805506195
2011-08-30,14.07593074782989,0.0,980.1250718898602,40.98083924278161
2011-08-31,20.28697912289232,1.1427958388337416,976.749387150819,40.8396956299994
2011-09-01,11.157147997737017,0.0,973.3171865191978,40.69618898338109
2011-09-02,16.703855625213976,4.580820754181292,969.8294856383825,40.55036176885223
2011-09-03,16.687349127018006,7.658408891826168,966.2873165751755,40.402257139031725
2011-09-04,10.912143478659042,16.54439643051766,962.6917275143905,40.25191892046232
2011-09-05,15.731156422181817,3.333491197896135,959.0437824486785,40.0993916006416
2011-09-06,16.104738892447624,0.0,955.3445608636738,39.94472031485744
2011-09-07,21.06103969947779,0.0,951.5951574185581,39.7879508328317
2011-09-08,16.63047448554662,0.0,947.7966816221332,39.6291295451763
2011-09-09,12.82426607201098,0.0,943.9502575044986,39.46830344966544
2011-09-10,16.507803797480015,0.0,940.057023284434,39.305520137328244
2011-09-11,21.791573719510453,0.0,936.118131032581,39.140827778365754
2011-09-12,18.002894430005732,0.0,932.1347463305278,38.97427510789663
2011-09-13,15.109996123138739,5.385220854434841,928.108047925894,38.80591141153564
2011-09-14,12.416283812047773,0.2430847295888943,924.039227383521,38.63578651080924
2011-09-15,17.22861930461497,0.0,919.9294887328683,38.463950748412614
2011-09-16,18.6578564985543,3.648458871743929,915.7800481117224,38.29045497331243
2011-09-17,19.137239469095125,5.574052873139493,911.5921334063204,38.1153505256998
2011-09-18,17.278658180910394,1.3103846158581385,907.366983888001,37.93868922179795
2011-09-19,20.64107136653744,10.614203463910044,903.1058498464829,37.7605233385289
2011-09-20,18.09099710997717,0.0,898.8099922198841,37.580905598043934
2011-09-21,18.32185708831545,0.0,894.4806822215897,37.39988915212222
2011-09-22,17.91533943654744,0.0,890.1192009640806,37.21752756644239
2011-09-23,15.57203879721504,0.0,885.72683907983,37.03387480473157
2011-09-24,17.37761283772424,4.007034946898173,881.3048963393858,36.84898521279662
2011-09-25,17.787982275642154,0.0,876.8546812667472,36.662913502442386
2011-09-26,20.98332547070209,2.5210718423767804,872.3775107521511,36.47571473528158
2011-09-27,17.920813322475535,4.978076230855255,867.8747096623838,36.28744430644113
2011-09-28,18.644762053378212,2.3208671110540067,863.3476104487305,36.09815792816991
2011-09-29,18.107967114878324,5.059684481616561,858.7975527526828,35.90791161335259
2011-09-30,18.412279739246227,0.0,854.2258830095163,35.71676165893448
2011-10-01,11.799697693920875,0.0,849.6339540498592,35.52476462926241
2011-10-02,15.758716799020087,7.084517621469971,845.0231246993676,35.33197733934638
2011-10-03,13.341475310072962,0.0,840.3947593766275,35.13845683804714
2011-10-04,11.863592191526916,0.0,835.7502276894007,34.944260391194454
2011-10-05,17.57302592257043,1.6154067977853854,831.0909040293374,34.74944546464128
2011-10-06,14.11344340530264,0.0,826.4181671652697,34.55406970725866
2011-10-07,16.361037310894336,0.0,821.7333998352127,34.35819093387649
2011-10-08,17.460909966032276,0.0,817.03798833719,34.16186710817519
2011-10-09,11.696566196114636,0.0,812.3333221190057,33.965156325533336
2011-10-10,21.73187234159676,0.0,807.6207933670847,33.76811679583629
2011-10-11,12.115704047142442,17.758698159341066,802.9017965945022,33.570806826250966
2011-10-12,17.519815634443695,8.46075388288593,798.1777282283244,33.37328480397175
2011-10-13,16.680018480713077,0.0,793.4499861963836,33.17560917894287
2011-10-14,12.820890352553707,0.0,788.7199695136092,32.97783844656205
2011-10-15,14.931380300800845,0.0,783.9890778680365,32.78003113037086
2011-10-16,14.14161366933932,0.0,779.258711206616,32.582245764736555
2011-10-17,18.277223175899792,3.076660384160793,774.530269320947,32.38454087753088
2011-10-18,16.3646088155419,0.0,769.8051514330568,32.18697497281074
2011-10-19,17.389136768432756,2.8612258378261393,765.0847557813483,31.989606513505855
2011-10-20,7.557540818458573,3.9784089650173957,760.370479206839,31.792493904118704
2011-10-21,11.312285095880418,0.0,755.6637167398122,31.595695473441623
2011-10-22,13.02990897272167,11.582494633642169,750.9658611870069,31.399269457296455
2011-10-23,17.622068460153987,0.0,746.2783027194621,31.20327398130155
2011-10-24,13.844956138798441,0.0,741.602428461144,31.007767043671524
2011-10-25,18.79438242160912,0.6921923974372937,736.9396220784732,30.812806498054627
2011-10-26,4.598235122352065,2.4402343354962945,732.2912633708756,30.61845003641292
2011-10-27,17.882749143315507,0.0,727.6587278624779,30.424755171950295
2011-10-28,13.39293236060512,0.6103774686983887,723.0433863950673,30.2317792220934
2011-10-29,12.227941779489585,0.0,718.4466047224374,30.039579291530483
2011-10-30,12.966194883620588,0.0,713.8697431062405,29.84821225531319
2011-10-31,13.148130324015622,0.0,709.3141559134634,29.657734742026346
2011-11-01,16.9242874863627,0.0,704.781191215649,29.46820311703062
2011-11-02,13.98117145751585,2.1734256056162518,700.2721903899795,29.279673465783116
2011-11-03,15.735605825500425,0.0,695.7884877223423,29.092201577240793
2011-11-04,14.857551206669886,0.0,691.3314100124923,28.905842927351593
2011-11-05,13.409455428870421,3.689986086252777,686.9022761814315,28.72065266263825
2011-11-06,11.974579348364795,0.0,682.5023968811184,28.536685583879517
2011-11-07,9.649534463143702,0.0,678.1330741066254,28.353996129893744
2011-11-08,11.585514128883817,0.0,673.7956008108567,28.17263836142955
2011-11-09,11.809344147182438,0.0,669.491260521944,27.99266594516839
2011-11-10,19.697708832451195,0.0,665.221326963429,27.81413213784372
2011-11-11,16.764821818619485,0.0,660.9870636773483,27.63708977048146
2011-11-12,14.402566729133095,0.0,656.7897236503309,27.461591232766448
2011-11-13,14.191800029374054,0.23837717888266816,652.6305489428196,27.287688457539495
2011-11-14,9.023294277223663,0.0,648.5107703215249,27.11543290542961
2011-11-15,8.137401268931459,0.0,644.4316068952219,26.944875549625998
2011-11-16,15.112862808097582,0.0,640.3942657539957,26.77606686079424
2011-11-17,15.250824280987556,0.0,636.3999416120446,26.609056792141235
2011-11-18,9.626869725486683,8.415440336850068,632.4498164541446,26.443894764633225
2011-11-19,9.944954525837153,0.0,628.5450591858817,26.280629652371356
2011-11-20,9.577900620860825,4.197757316191817,624.6868252877525,26.119309768129025
2011-11-21,7.865682822366319,6.014363436514204,620.8762564732409,25.95998284905537
2011-11-22,11.257988924355345,0.0,617.1144803509653,25.802696042549073
2011-11-23,3.7310669936621625,1.9436465109687868,613.4026100910013,25.647495892306676
2011-11-24,13.811519885083527,0.0,609.7417440954771,25.494428324549563
2011-11-25,7.0351534797601065,0.0,606.1329656735384,25.34353863443366
2011-11-26,6.844740572924505,0.0,602.5773427207799,25.194871472645847
2011-11-27,14.042770528483189,0.0,599.0759274032379,25.04847083219113
2011-11-28,12.460275039429137,0.0,595.6297558460371,24.904380035374373
2011-11-29,16.76157301410855,0.0,592.2398478267849,24.76264172098055
2011-11-30,11.178858091337998,6.170806611347344,588.9072064738026,24.623297831657247
2011-12-01,12.894351416715907,0.0,585.6328179692833,24.486389601503134
2011-12-02,13.169594892597754,0.0,582.4176512574659,24.351957543866167
2011-12-03,10.818286860100187,0.0,579.2626577579072,24.220041439355
2011-12-04,11.929677807243225,4.619952108435334,576.1687710839426,24.090680324067282
2011-12-05,8.299642963553103,10.746762254835309,573.1369067664148,23.963912478038246
2011-12-06,5.32948699576058,0.0,570.1679619827535,23.839775413913035
2011-12-07,12.600319370050958,0.0,567.2628152914856,23.718305865846087
2011-12-08,8.020688908714998,1.844646919976976,564.4223263722565,23.599539778630934
2011-12-09,7.155402815735869,0.43318339068442907,561.6473357714369,23.483512297063566
2011-12-10,9.14097843338624,9.064539947411411,558.9386646533904,23.370257755542454
2011-12-11,8.879979821271165,0.0,556.2971145574793,23.259809667908538
2011-12-12,4.673850129839138,6.034132979793521,553.7234671608753,23.152200717527887
2011-12-13,6.515886481663443,0.2828777832924314,551.2184840472493,23.047462747620177
2011-12-14,8.554557833240116,2.955338438477116,548.7829064814058,22.945626751835782
2011-12-15,10.348696419968224,0.0,546.4174551899313,22.846722865084235
2011-12-16,7.305721055582198,1.31612027529505,544.1228301479193,22.750780354616836
2011-12-17,12.429173984731506,0.0,541.8997103718367,22.65782761136599
2011-12-18,7.9055921355613625,0.21423192806513383,539.7487537185917,22.567892141543904
2011-12-19,5.827752254129734,3.1211649664723944,537.6705966908639,22.48100055850302
2011-12-20,5.266164161300756,1.7324057049579642,535.6658542487518,22.397178574860703
2011-12-21,8.244827122064049,14.260850052360151,533.7351196277973,22.316450994890477
2011-12-22,10.734896673864993,6.3194229316447235,531.8789641634373,22.238841707182047
2011-12-23,7.8973261669766845,0.0,530.0979371219365,22.16437367757226
2011-12-24,6.3079986723600925,0.0,528.3925655378504,22.09306894234914
2011-12-25,8.374083669225575,1.8639926280270802,526.7633540580672,22.024948601731033
2011-12-26,4.6013859506275905,2.428633475687737,525.2107847924758,21.96003281362268
2011-12-27,3.430628211101551,1.2063904307718862,523.7353171712999,21.89834078765017
2011-12-28,2.267799698107159,0.0,522.3373878091468,21.83989077947652
2011-12-29,10.568128486854935,0.0,521.0174103758052,21.784700085399518
2011-12-30,10.321947229124357,0.0,519.7757754738341,21.73278503723348
2011-12-31,7.146368222592642,0.0,518.6128505229768,21.684160997476383
2012-01-01,0.38803610946666733,0.0,517.270402234956,21.628030755468544
2012-01-02,7.713997559780186,0.0,516.2857972453668,21.586862602593733
2012-01-03,3.85175037933609,0.0,515.3809349475976,21.54902863892394
2012-01-04,3.1068636123313893,0.0,514.5560831049604,21.514540060137715
2012-01-05,-1.0066375376887327,0.0,513.8114858043857,21.48340707196038
2012-01-06,7.6116615268520285,0.0,513.1473633841944,21.455638887144016
2012-01-07,1.9855324675107116,0.802779015628151,512.5639123688952,21.43124372274126
2012-01-08,1.345231765057829,1.8939283043593422,512.0613054110305,21.410228797673746
2012-01-09,3.7823585999182434,1.1002431181257153,511.639691240085,21.392600330595887
2012-01-10,-1.9229096405951376,0.0,511.2991946184754,21.37836353805472
2012-01-11,0.7474804543250348,0.0,511.03991630462986,21.367522632946194
2012-01-12,2.081977811603174,0.0,510.86193302317275,21.360080823268547
2012-01-13,6.7922830369064595,0.0,510.7652974422208,21.356040311172993
2012-01-14,2.0504888100863865,6.287003843280285,510.75003815779684,21.35540229231206
2012-01-15,-2.8006792105303093,6.748336423392784,510.816159685369,21.35816695548581
2012-01-16,1.102671679408458,0.6014906618330906,510.963642458513,21.36433348258591
2012-01-17,1.0536286408697542,0.0,511.19244283470385,21.373900048837793
2012-01-18,0.9255686130827759,2.3226770610897054,511.5024931082291,21.386863823340587
2012-01-19,5.328555868830913,0.0,511.8937015302246,21.403220969904858
2012-01-20,-1.0039075772223605,3.8474566435096875,512.3659523358242,21.422966648187774
2012-01-21,-1.5690919202734674,1.7841869419229242,512.919105778417,21.446095015125447
2012-01-22,2.8388991218923882,2.4335172202122615,513.5529981709997,21.47259922666201
2012-01-23,1.204455020167802,0.0,514.2674419346152,21.50247143977485
2012-01-24,-0.10173426847960465,2.7313775251955734,515.0622256538594,21.535702814795513
2012-01-25,2.976870383319398,0.0,515.937114139443,21.57228351802549
2012-01-26,-0.2610744946888387,0.0,516.8918484977874,21.61220272464616
2012-01-27,-7.232952594318266,0.25102662640217216,517.926146207636,21.65544862192206
2012-01-28,-1.9511936699583412,0.0,519.0397012036559,21.70200841269641
2012-01-29,0.20380323481681883,2.3213500221504564,520.2321839670086,21.75186831917806
2012-01-30,-1.3998699229046616,0.0,521.5032416228594,21.805013587018507
2012-01-31,0.180447998034873,2.4981093438356323,522.852498044798,21.86142848967797
2012-02-01,-2.879615516921534,0.0,524.2795539661423,21.92109633307912
2012-02-02,1.4156988930376224,18.71138127167231,525.783987098086,21.98399946054715
2012-02-03,-7.2595493914764155,0.0,527.3653522546609,22.050119258034602
2012-02-04,1.138852764727389,0.0,529.0231814844759,22.119436159629654
2012-02-05,-3.0652288750382235,3.145890386138108,530.7569842091898,22.191929653345912
2012-02-06,-1.3251567136023583,0.0,532.566247368682,22.267578287192276
2012-02-07,-0.26933030541696756,12.094789142701378,534.4504355728757,22.34635967552093
2012-02-08,1.4062855598398127,3.595848049164319,536.4089912601675,22.428250505651597
2012-02-09,-3.9110920329303793,0.0,538.4413348624191,22.513226544770138
2012-02-10,-1.0299289474621816,0.0,540.5468649764617,22.601262647099443
2012-02-11,-2.148058402616316,0.0,542.7249585420598,22.692332761340477
2012-02-12,-2.8977147852532816,0.0,544.9749710262851,22.786409938381254
2012-02-13,3.9113487255843946,0.0,547.296236614244,22.883466339271525
2012-02-14,-0.5647354355241854,0.0,549.688068406104,22.983473243460793
2012-02-15,-4.329895804730002,6.2378603021512795,552.1497586203566,23.086401057297138
2012-02-16,-2.1377425097090104,7.099781429299936,554.680578803263,23.19221932278451
2012-02-17,2.4644182227789377,0.0,557.2797800444137,23.30089672659569
2012-02-18,-0.27908880232684474,0.0,559.9465931983444,23.41240110933844
2012-02-19,-1.3042013924775802,0.0,562.680229112138,23.526699475071972
2012-02-20,0.8347729342562622,0.0,565.4798788589478,23.64375800107099
2012-02-21,-4.933461991417479,2.7308536926619453,568.3447139773716,23.763542047834353
2012-02-22,-4.78081563864155,2.5257301549152484,571.273886716607,23.88601616933548
2012-02-23,-1.2198187556583726,0.0,574.2665302873146,24.01114412351141
2012-02-24,-7.16320839315452,2.269090343933405,577.321759118115,24.138888882987384
2012-02-25,1.4805909288112185,0.0,580.4386691176429,24.26921264603385
2012-02-26,-5.3339420656052985,0.0,583.6163379420836,24.402076847752625
2012-02-27,-9.539883347080446,2.647892534471262,586.853825268108,24.537442171488834
2012-02-28,-6.91351987347141,0.0,590.1501730711301,24.67526856046537
2012-02-29,-6.596424361047143,12.249215498315943,593.5044059088018,24.81551522963631
2012-03-01,-3.9649080589594465,0.0,596.9155312096623,24.95814067775591
2012-03-02,-1.8770682070242812,0.0,600.382539566855,25.10310269965944
2012-03-03,-0.9332556936206196,0.0,603.9044050368285,25.25035839875241
2012-03-04,-7.281768230404199,0.4858412882526129,607.4800854429287,25.399864199704336
2012-03-05,-5.880519284995449,0.0,611.1085226837962,25.551575861343395
2012-03-06,-3.246180903823253,0.0,614.7886430464757,25.705448489748115
2012-03-07,-3.2190977195954704,0.0,618.5193575241443,25.86143655153217
2012-03-08,-4.3519667642264706,0.0,622.2995621383667,26.01949388731847
2012-03-09,-3.3623582229713684,2.258959432720388,626.1281382657799,26.179573725398463
2012-03-10,4.176351896850704,0.0,630.0039529691119,26.34162869557262
2012-03-11,-0.8253683240728549,0.0,633.925859332436,26.505610843168053
2012-03-12,-1.1890607339594794,0.0,637.892696800562,26.671471643229076
2012-03-13,-12.253635955033035,2.681095794956388,641.9032915224631,26.8391620148765
2012-03-14,0.6661581553751841,0.0,645.9564566986362,27.00863233583148
2012-03-15,-2.120916220596353,0.0,650.050992932297,27.179832457099526
2012-03-16,-4.020144409965837,0.0,654.1856885842992,27.35271171781042
2012-03-17,-0.3504320925603377,3.118616511575277,658.3593201316781,27.527218960209538
2012-03-18,-5.828134181180714,4.613154680190605,662.5706525297121,27.703302544796323
2012-03-19,-1.127992871729695,0.0,666.8184395773903,27.88091036560517
2012-03-20,3.153179404707135,0.0,671.1014242861853,28.05998986562447
2012-03-21,-2.856367586773141,10.927382678270849,675.4183392520151,28.240488052349065
2012-03-22,-9.577151863583515,0.0,679.7679070302888,28.422351513461553
2012-03-23,-2.3931358827621345,0.0,684.1488405139229,28.60552643263789
2012-03-24,-5.057090717663261,0.0,688.5598433142173,28.7899586054725
2012-03-25,-6.5283406666254855,6.309535459390197,692.9996101444772,28.975593455518208
2012-03-26,-6.971672526552954,5.050281431857593,697.4668272062684,29.162376050436308
2012-03-27,-5.394694239604201,0.0,701.9601725781918,29.35025111825192
2012-03-28,-5.563672259588647,0.0,706.4783166070607,29.539163063709854
2012-03-29,-3.148273134170797,1.6732291749459711,711.0199223013673,29.729055984726156
2012-03-30,-6.788963837172913,0.0,715.583645726919,29.919873688930412
2012-03-31,-9.587416625940756,0.0,720.1681364045312,30.111559710293985
2012-04-01,-0.2977920527267104,0.0,724.7720377096547,30.30405732583922
2012-04-02,2.8076960846924814,0.0,729.393987273824,30.497309572424694
2012-04-03,-5.3084872443957,0.0,734.0326173878027,30.691259263601506
2012-04-04,-2.014107186261261,5.310345043354292,738.6865554063119,30.885849006535686
2012-04-05,-3.194090458764612,5.042241370437309,743.3544241542172,31.08102121899166
2012-04-06,-4.519929680574287,1.607413167021539,748.0348423340574,31.276718146371735
2012-04-07,-3.832169923433142,0.0,752.7264249347922,31.472881878806646
2012-04-08,-2.0866006715828878,0.0,757.4277836416501,31.669454368291987
2012-04-09,0.05303749452235351,0.0,762.1375272469518,31.866377445865577
2012-04-10,-6.4765039110040705,0.0,766.854262061792,32.06359283882057
2012-04-11,-7.387553226985954,0.0,771.5765923284542,32.26104218794931
2012-04-12,-5.246819714082733,5.747097437504785,776.3031206334375,32.458667064812715
2012-04-13,-2.577681551949074,2.5460694556766685,781.0324483209739,32.65640898903027
2012-04-14,-1.9807179173036744,7.956035425813521,785.763175906913,32.85420944558521
2012-04-15,-4.359372135559027,0.0,790.4939034928522,33.052009902140156
2012-04-16,3.2039310661837312,1.9968227931536382,795.2232311803884,33.2497518263577
2012-04-17,-2.7363132770891685,1.0730387247756372,799.9497594853718,33.447376703221124
2012-04-18,-1.5790680266752752,11.656284245994318,804.672089752034,33.644826052349856
2012-04-19,0.1146565424722672,7.396517899201197,809.3888245668743,33.84204144530485
2012-04-20,-7.7446156378161195,0.9946347071282666,814.098568172176,34.03896452287844
2012-04-21,-0.7391967211941153,12.896791848016756,818.7999268790338,34.23553701236378
2012-04-22,-5.411003936047976,0.0,823.4915094797686,34.43170074479869
2012-04-23,0.9304447563387881,0.0,828.171927659609,34.627397672178766
2012-04-24,0.2185642858436836,0.0,832.8397964075143,34.82256988463474
2012-04-25,-3.696036103353654,0.0,837.4937344260235,35.01715962756892
2012-04-26,-1.294222084443362,0.0,842.1323645400021,35.211109318745734
2012-04-27,-8.599152931396324,0.6791244007938161,846.7543141041714,35.40436156533121
2012-04-28,0.43016240330040745,0.0,851.3582154092949,35.59685918087644
2012-04-29,-5.8152672575623034,0.0,855.942706086907,35.78854520224001
2012-04-30,-1.9548063895858085,0.0,860.5064295124587,35.979362906444265
2012-05-01,-2.1341217291566936,0.16620351270727524,865.0480352067653,36.16925582746057
2012-05-02,-3.6268952004850292,0.0,869.5661792356343,36.358167772918506
2012-05-03,-3.5717952599645972,0.0,874.0595246075577,36.54604284073412
2012-05-04,6.3225125463054725,5.490136807338391,878.5267416693489,36.73282543565222
2012-05-05,2.424190597198992,5.208586361823535,882.9665084996087,36.918460285697925
2012-05-06,0.4668085135863025,14.5648165847985,887.3775112999031,37.10289245853253
2012-05-07,5.338871237524816,0.0,891.7584447835372,37.286067377708875
2012-05-08,-5.3501209350003665,0.0,896.1080125618108,37.46793083882136
2012-05-09,-6.38556574068287,5.650012363887376,900.4249275276406,37.64842902554595
2012-05-10,3.106206430391823,13.696452128944044,904.7079122364357,37.82750852556526
2012-05-11,-0.41357588039975407,5.2635718570365855,908.955699284114,38.0051163463741
2012-05-12,3.155074562374242,3.2654269370553606,913.1670316821479,38.18119993096089
2012-05-13,4.974405331078675,1.3626281059633523,917.3406632295269,38.35570717336001
2012-05-14,-0.38303943474454916,2.4187919740141597,921.475358881529,38.528586434070895
2012-05-15,1.5287819861241432,0.1639268605597343,925.5698951151898,38.69978655533894
2012-05-16,-4.789360512010947,21.99323066404703,929.623060291363,38.869256876293925
2012-05-17,-1.2715300787417279,1.1903173853521838,933.6336550132639,39.03694724794135
2012-05-18,0.7451188368533986,2.851308979610883,937.6004924813901,39.202808048002375
2012-05-19,2.403113663205524,7.899674207600832,941.5223988447142,39.36679019559781
2012-05-20,-0.7578901005996046,0.0,945.3982135480462,39.52884516577197
2012-05-21,-0.6338203208179574,4.45194922001825,949.2267896754594,39.688925003851956
2012-05-22,-4.574315956206504,0.0,953.0069942896818,39.84698233963826
2012-05-23,-2.7894300349681167,0.0,956.7377087673505,40.00297040142232
2012-05-24,2.6222498260890887,0.0,960.4178291300299,40.15684302982703
2012-05-25,5.016211402042218,0.3199516028665169,964.0462663708973,40.30855469146609
2012-05-26,2.0323735613857736,0.0,967.6219467769976,40.458060492418014
2012-05-27,1.6576421396795973,8.162690023327501,971.143812246971,40.60531619151098
2012-05-28,6.075550783193791,0.0,974.6108206041638,40.75027821341451
2012-05-29,4.589936045710883,1.0077397917132316,978.0219459050243,40.89290366153411
2012-05-30,4.656855018864558,0.0,981.376178742696,41.033150330705055
2012-05-31,0.4175144299017468,0.0,984.672526545718,41.17097671968159
2012-06-01,5.815759522205384,0.0,987.9100138717424,41.3063420434178
2012-06-02,5.215992874414475,0.0,991.0876826961832,41.439206245136575
2012-06-03,1.4059999572875856,1.186804503563823,994.2045926957111,41.569530008183044
2012-06-04,2.270042131996064,3.9466508872166846,997.2598215265114,41.69727476765901
2012-06-05,2.4425958524041222,15.448146984799301,1000.2524650972191,41.82240272183495
2012-06-06,2.2087909166339204,0.0,1003.1816378364543,41.94487684333607
2012-06-07,5.642988394689402,0.0,1006.0464729548783,42.06466089009943
2012-06-08,7.654645614134029,11.346985477849552,1008.846122701688,42.18171941609845
2012-06-09,0.8641566301567254,0.0,1011.5797586154816,42.296017781831985
2012-06-10,7.301403311568851,0.0,1014.2465717694125,42.407522164574736
2012-06-11,1.7266204843734796,0.0,1016.8457730105631,42.516199568385915
2012-06-12,1.7199400082630114,0.0,1019.3765931934695,42.62201783387329
2012-06-13,2.1114129911751673,1.5663987589955366,1021.8382834077221,42.72494564770963
2012-06-14,1.2858444565284675,0.0,1024.230115199582,42.824952551898896
2012-06-15,8.342000215576556,6.047085169574114,1026.5513807875411,42.92200895278917
2012-06-16,5.032686001521105,16.661360805117912,1028.8013932717663,43.016086129829944
2012-06-17,4.510744422856285,0.0,1030.9794868373642,43.10715624407098
2012-06-18,11.85902830665331,7.86526474955724,1033.085016951407,43.19519234640029
2012-06-19,2.7718264669651393,5.342611411816163,1035.1173605536587,43.28016838551883
2012-06-20,2.5468934873432607,3.3309237125887976,1037.0759162409504,43.362059215649495
2012-06-21,8.297262529030561,0.0,1038.960104445144,43.440840603978145
2012-06-22,8.949753986899868,2.146763548803477,1040.7693676046363,43.516489237824516
2012-06-23,5.978560836774724,12.569009539012562,1042.5031703293503,43.588982731540774
2012-06-24,9.366740611921013,0.0,1044.1609995591652,43.658299633135826
2012-06-25,10.72967890647431,0.0,1045.74236471574,43.72441943062328
2012-06-26,11.476624398651339,1.099951893608511,1047.2467978476836,43.787322558091304
2012-06-27,9.542629140126943,13.13999219592235,1048.673853769028,43.846990401492455
2012-06-28,10.766395900006113,0.0,1050.0231101909667,43.90340530415192
2012-06-29,9.976494337148246,0.0,1051.2941678468173,43.956550571992366
2012-06-30,8.045524262424204,6.444240713478825,1052.48665061017,44.00641047847401
2012-07-01,11.908123940447144,1.727708222516244,1053.60020560619,44.05297026924836
2012-07-02,11.402842464715395,12.742843189072495,1054.6345033160387,44.09621616652427
2012-07-03,10.125783149023809,0.0,1055.5892376743832,44.13613537314494
2012-07-04,8.56251702347442,0.0,1056.4641261599668,44.17271607637491
2012-07-05,11.018850649749146,15.119970279138442,1057.258909879211,44.20594745139557
2012-07-06,7.5281016123338045,0.5189481453013275,1057.9733536428264,44.23581966450842
2012-07-07,9.808191472468915,0.0,1058.607246035409,44.262323876044974
2012-07-08,5.201389205232744,0.0,1059.1603994780016,44.28545224298265
2012-07-09,10.348121801334917,11.78084757461817,1059.6326502836016,44.30519792126557
2012-07-10,7.394888560594053,0.0,1060.023858705597,44.321555067829834
2012-07-11,13.677836222808253,4.500134754934775,1060.3339089791223,44.334518842332635
2012-07-12,7.826800501405669,0.0,1060.5627093553132,44.34408540858452
2012-07-13,14.147927916594725,0.0,1060.710192128457,44.35025193568462
2012-07-14,11.936681932064182,0.0,1060.7763136560293,44.35301659885836
2012-07-15,7.3995795272715785,0.0,1060.7610543716055,44.352378579997435
2012-07-16,10.867318049797046,0.0,1060.6644187906534,44.34833806790188
2012-07-17,12.270768587183039,0.0,1060.4864355091963,44.340896258224234
2012-07-18,9.421400469653863,0.0,1060.2271571953509,44.33005535311571
2012-07-19,11.982526672547243,0.0,1059.886660573741,44.315818560574535
2012-07-20,9.386629533066586,4.45342581820756,1059.4650464027957,44.29819009349668
2012-07-21,13.280300279039936,0.9863906355260386,1058.9624394449309,44.27717516842916
2012-07-22,13.872344999385142,0.0,1058.3789884296316,44.252780004026405
2012-07-23,14.24697403727559,6.09008794690419,1057.7148660094404,44.22501181921005
2012-07-24,11.65292882298702,2.1985285766229152,1056.9702687088657,44.19387883103271
2012-07-25,10.879655085864695,1.5778042544348134,1056.1454168662285,44.15939025224648
2012-07-26,10.176354887598773,0.0,1055.2405545684592,44.12155628857669
2012-07-27,8.991955093393498,1.9503173319018081,1054.25594957887,44.08038813570188
2012-07-28,18.012175028200325,13.633783126724493,1053.191893257918,44.03589797594082
2012-07-29,12.182687348304379,1.902517575665649,1052.0487004769875,43.988098974647556
2012-07-30,13.341014099035487,0.0,1050.8267095252145,43.93700527631558
2012-07-31,10.657067573339996,0.0,1049.5262820093817,43.882632000392256
2012-08-01,12.341418688123975,0.0,1048.1478027469127,43.82499523680471
2012-08-02,13.62677749060966,0.7253849438434109,1046.691679651999,43.764112041198565
2012-08-03,8.105862623927639,0.0,1045.1583436148915,43.70000042989093
2012-08-04,15.350133029681878,3.9354652143777775,1043.548248374392,43.63267937453904
2012-08-05,10.055242173148628,3.4778499817014623,1041.8618703835864,43.56216879652626
2012-08-06,10.647721615881723,5.6628347746899825,1040.0997086688535,43.48848956106704
2012-08-07,14.546904927612323,0.0,1038.2622846821948,43.41166347103253
2012-08-08,9.137515590396456,0.0,1036.3501421469296,43.331713260498795
2012-08-09,17.72171731348603,7.107327047826241,1034.3638468967972,43.24866258801939
2012-08-10,12.787045807589294,0.0,1032.3039867085188,43.162536029624476
2012-08-11,18.13940662509833,0.0,1030.171171127864,43.07335907154832
2012-08-12,11.914346613819673,2.4773577800971074,1027.9660312892768,42.98115810268752
2012-08-13,12.565605240507425,0.1324776527693605,1025.6892197291124,42.88596040679216
2012-08-14,13.092612024767798,0.0,1023.3414101925425,42.78779415439202
2012-08-15,14.541640030868004,6.486914805520953,1020.9232974341811,42.68668839446053
2012-08-16,12.361047291977433,0.0,1018.4355970124974,42.5826730458187
2012-08-17,21.27923784048565,3.2401290814243064,1015.8790450780691,42.47577888828163
2012-08-18,11.71964545595279,0.0,1013.2543981557448,42.3660375535503
2012-08-19,16.62203831565726,0.0,1010.5624329207751,42.25348151585122
2012-08-20,19.044940822534777,0.0,1007.8039459689828,42.138144082326804
2012-08-21,15.129925214564667,0.0,1004.9797535810367,42.02005938317923
2012-08-22,18.478737566003986,0.0,1002.0906914809011,41.89926236157078
2012-08-23,13.087951141454031,5.070139982861412,999.1376145885322,41.77578876328357
2012-08-24,15.415829062171362,9.980582364217057,996.1213967668928,41.64967512614186
2012-08-25,14.790407450500226,4.06802067494,993.0429305633626,41.52095876919983
2012-08-26,13.821987868608307,18.182089423618294,989.903126945619,41.38967778169835
2012-08-27,12.031037302988427,0.0,986.702915032067,41.255871011793744
2012-08-28,19.46496172426952,0.0,983.4432418168983,41.11957805506195
2012-08-29,14.150298964163742,2.757903364896683,980.1250718898602,40.98083924278161
2012-08-30,15.669083629837987,0.0,976.749387150819,40.8396956299994
2012-08-31,14.62533334726773,0.0,973.3171865191978,40.69618898338109
2012-09-01,14.885356682224037,0.0,969.8294856383825,40.55036176885223
2012-09-02,18.447113518081515,8.234817017878903,966.2873165751755,40.402257139031725
2012-09-03,15.15509079208484,10.0423727424759,962.6917275143905,40.25191892046232
2012-09-04,19.598816252977283,6.531812003329257,959.0437824486785,40.0993916006416
2012-09-05,16.944976211568964,0.40816985595643157,955.3445608636738,39.94472031485744
2012-09-06,20.851324400141053,0.0,951.5951574185581,39.7879508328317
2012-09-07,16.563358013059826,0.0,947.7966816221332,39.6291295451763
2012-09-08,13.721216027445498,5.548964080332351,943.9502575044986,39.46830344966544
2012-09-09,13.93874872538331,3.0796222653259395,940.057023284434,39.305520137328244
2012-09-10,18.315268702808496,0.0,936.118131032581,39.140827778365754
2012-09-11,9.49733578458525,5.268112298823618,932.1347463305278,38.97427510789663
2012-09-12,15.417910654665462,0.0,928.108047925894,38.80591141153564
2012-09-13,17.223998022981124,8.441107516151177,924.039227383521,38.63578651080924
2012-09-14,15.533932211554307,2.235960142510655,919.9294887328683,38.463950748412614
2012-09-15,17.405640556239643,23.78108300580083,915.7800481117224,38.29045497331243
2012-09-16,20.426562006009917,0.0,911.5921334063204,38.1153505256998
2012-09-17,15.497133046924093,4.567386598155581,907.366983888001,37.93868922179795
2012-09-18,15.555784265441096,0.0,903.1058498464829,37.7605233385289
2012-09-19,22.042027538764962,8.349781914095695,898.8099922198841,37.580905598043934
2012-09-20,16.09990434284328,0.0,894.4806822215897,37.39988915212222
2012-09-21,15.550009435847088,6.006600464812567,890.1192009640806,37.21752756644239
2012-09-22,18.678231173307875,1.2719007577508579,885.72683907983,37.03387480473157
2012-09-23,12.862873282511446,0.0,881.3048963393858,36.84898521279662
2012-09-24,15.839263888454266,0.0,876.8546812667472,36.662913502442386
2012-09-25,20.273519840196286,8.983624501182893,872.3775107521511,36.47571473528158
2012-09-26,19.8655503212539,0.0,867.8747096623838,36.28744430644113
2012-09-27,21.443912861719305,0.0,863.3476104487305,36.09815792816991
2012-09-28,17.207247891779605,3.0389525746726087,858.7975527526828,35.90791161335259
2012-09-29,25.887397089054588,0.0,854.2258830095163,35.71676165893448
2012-09-30,21.458795371258493,0.31149753771950095,849.6339540498592,35.52476462926241
2012-10-01,16.80988107249747,0.0,845.0231246993676,35.33197733934638
2012-10-02,13.020719952080597,0.0,840.3947593766275,35.13845683804714
2012-10-03,17.561288123695334,0.0,835.7502276894007,34.944260391194454
2012-10-04,14.692724005586534,1.4366266817429156,831.0909040293374,34.74944546464128
2012-10-05,15.331280378940516,0.0,826.4181671652697,34.55406970725866
2012-10-06,15.354682008862946,4.298404309623296,821.7333998352127,34.35819093387649
2012-10-07,17.810033068375287,3.380489518428456,817.03798833719,34.16186710817519
2012-10-08,15.408023838270628,0.0,812.3333221190057,33.965156325533336
2012-10-09,16.474294051788625,0.0,807.6207933670847,33.76811679583629
2012-10-10,15.36160246263271,0.9582073800746658,802.9017965945022,33.570806826250966
2012-10-11,13.14381391621242,0.0,798.1777282283244,33.37328480397175
2012-10-12,16.546243466025405,14.837132459693642,793.4499861963836,33.17560917894287
2012-10-13,13.850877335341396,5.487814747035916,788.7199695136092,32.97783844656205
2012-10-14,14.02063787248026,0.0,783.9890778680365,32.78003113037086
2012-10-15,15.80769633954462,10.603216568146507,779.258711206616,32.582245764736555
2012-10-16,16.7658527675689,1.717089415414822,774.530269320947,32.38454087753088
2012-10-17,16.98077371628576,2.5455889873186432,769.8051514330568,32.18697497281074
2012-10-18,14.996235695867599,0.0,765.0847557813483,31.989606513505855
2012-10-19,16.050359089946834,0.0,760.370479206839,31.792493904118704
2012-10-20,13.365308164242753,0.0,755.6637167398122,31.595695473441623
2012-10-21,15.681271325725078,19.97880742750724,750.9658611870069,31.399269457296455
2012-10-22,14.308704054764512,1.474620662196062,746.2783027194621,31.20327398130155
2012-10-23,14.039669294192079,18.13057143394992,741.602428461144,31.007767043671524
2012-10-24,17.434503133890445,0.0,736.9396220784732,30.812806498054627
2012-10-25,18.832973159667905,1.2116999262604797,732.2912633708756,30.61845003641292
2012-10-26,15.842421156145267,0.0,727.6587278624779,30.424755171950295
2012-10-27,16.337254326227484,0.0,723.0433863950673,30.2317792220934
2012-10-28,11.820481652984553,0.0,718.4466047224374,30.039579291530483
2012-10-29,9.745049801043617,2.100670155902613,713.8697431062405,29.84821225531319
2012-10-30,11.848865187689688,0.0,709.3141559134634,29.657734742026346
2012-10-31,9.294191901667855,4.72606585071808,704.781191215649,29.46820311703062
2012-11-01,10.291768054994922,0.6459334468758542,700.2721903899795,29.279673465783116
2012-11-02,12.396225791049654,12.212016862881677,695.7884877223423,29.092201577240793
2012-11-03,11.45155587204549,9.776311943258849,691.3314100124923,28.905842927351593
2012-11-04,15.481053154357088,0.0,686.9022761814315,28.72065266263825
2012-11-05,18.222326436718348,0.19525713736722689,682.5023968811184,28.536685583879517
2012-11-06,12.592299745868829,9.449737316804844,678.1330741066254,28.353996129893744
2012-11-07,9.102232840391613,0.0,673.7956008108567,28.17263836142955
2012-11-08,16.602252343732918,5.30452644686947,669.491260521944,27.99266594516839
2012-11-09,7.155625932627604,0.0,665.221326963429,27.81413213784372
2012-11-10,16.043738261706284,0.0,660.9870636773483,27.63708977048146
2012-11-11,14.66750869749487,0.0,656.7897236503309,27.461591232766448
2012-11-12,14.24018950199733,1.066433845542553,652.6305489428196,27.287688457539495
2012-11-13,12.73723474172564,0.5577700322178109,648.5107703215249,27.11543290542961
2012-11-14,20.121675225699057,0.0,644.4316068952219,26.944875549625998
2012-11-15,15.564589765404769,2.174589605579701,640.3942657539957,26.77606686079424
2012-11-16,13.791459773226094,6.41553764034266,636.3999416120446,26.609056792141235
2012-11-17,10.553033107062593,0.0,632.4498164541446,26.443894764633225
2012-11-18,10.391665099174286,0.0,628.5450591858817,26.280629652371356
2012-11-19,13.045497822625892,5.9423026964968235,624.6868252877525,26.119309768129025
2012-11-20,8.361159183524467,0.8901935701769653,620.8762564732409,25.95998284905537
2012-11-21,6.997110626950331,0.0,617.1144803509653,25.802696042549073
2012-11-22,10.848383960738511,0.0,613.4026100910013,25.647495892306676
2012-11-23,7.986021367772471,0.0,609.7417440954771,25.494428324549563
2012-11-24,10.289740398278111,9.261532852814879,606.1329656735384,25.34353863443366
2012-11-25,11.97490613066575,5.838931582852767,602.5773427207799,25.194871472645847
2012-11-26,9.837851320047417,0.0,599.0759274032379,25.04847083219113
2012-11-27,6.713724059754459,0.0,595.6297558460371,24.904380035374373
2012-11-28,13.09160119019721,5.392490532401857,592.2398478267849,24.76264172098055
2012-11-29,11.776262403876274,0.0,588.9072064738026,24.623297831657247
2012-11-30,8.096109004174302,4.82173140346097,585.6328179692833,24.486389601503134
2012-12-01,10.490328869247072,0.734943956044991,582.4176512574659,24.351957543866167
2012-12-02,13.989307353933256,1.7291746727235024,579.2626577579072,24.220041439355
2012-12-03,8.109156170423304,4.2768316256877235,576.1687710839426,24.090680324067282
2012-12-04,8.922479427768922,0.0,573.1369067664148,23.963912478038246
2012-12-05,5.52793215706666,0.0,570.1679619827535,23.839775413913035
2012-12-06,11.104395237746344,0.0,567.2628152914856,23.718305865846087
2012-12-07,8.96875619633261,0.0,564.4223263722565,23.599539778630934
2012-12-08,7.2022799758599785,1.171463187904889,561.6473357714369,23.483512297063566
2012-12-09,9.44674146938724,0.0,558.9386646533904,23.370257755542454
2012-12-10,8.928764168561248,0.0,556.2971145574793,23.259809667908538
2012-12-11,12.481101931628945,2.9975729343558175,553.7234671608753,23.152200717527887
2012-12-12,9.891389054538603,0.0,551.2184840472493,23.047462747620177
2012-12-13,7.188838096303112,0.0,548.7829064814058,22.945626751835782
2012-12-14,17.27695170901869,5.919731028948654,546.4174551899313,22.846722865084235
2012-12-15,4.365480727215103,0.0,544.1228301479193,22.750780354616836
2012-12-16,12.563107880257725,2.656171066153216,541.8997103718367,22.65782761136599
2012-12-17,5.283743311024031,3.207461841273203,539.7487537185917,22.567892141543904
2012-12-18,2.1963941158639617,4.443331361350042,537.6705966908639,22.48100055850302
2012-12-19,5.228600563003832,5.139133338224509,535.6658542487518,22.397178574860703
2012-12-20,7.587874116068452,0.0,533.7351196277973,22.316450994890477
2012-12-21,7.853882286416212,0.0,531.8789641634373,22.238841707182047
2012-12-22,3.0588412949301906,0.0,530.0979371219365,22.16437367757226
2012-12-23,4.506336953402307,0.0,528.3925655378504,22.09306894234914
2012-12-24,5.5649824413494615,3.85006764598504,526.7633540580672,22.024948601731033
2012-12-25,11.861306443130065,6.67046345014851,525.2107847924758,21.96003281362268
2012-12-26,2.6451246791417997,0.0,523.7353171712999,21.89834078765017
2012-12-27,-1.8620636998059403,0.0,522.3373878091468,21.83989077947652
2012-12-28,4.204771462333589,0.0,521.0174103758052,21.784700085399518
2012-12-29,7.2466925639843875,0.0,519.7757754738341,21.73278503723348
2012-12-30,1.9565401126527333,1.139829830842047,518.6128505229768,21.684160997476383
2012-12-31,0.4399953359372608,7.655734915116329,517.5289796514362,21.63884235476388
