policy,capacity_mw,domestic_unmet_ml,domestic_unmet_residual_kpi,system_reliability_fraction,unmet_cooling_water_ml,ai_withdrawal_ml
policy_a,1000.0,0.0,0.0,1.0,0.0,29033.743497752013
policy_a,1500.0,0.0,0.0,1.0,0.0,43544.615246628025
policy_a,2000.0,0.0,0.0,0.9814409022248446,1307.7094229091126,56747.77757259492
policy_b,1000.0,3.922195901395753e-12,0.0,0.9999999999999999,0.0,29033.743497752017
policy_b,1500.0,3.467448550509289e-12,0.0,1.0,0.0,43544.61524662802
policy_b,2000.0,992.1972727431985,992.1972727431985,0.9922541906294724,0.0,58055.486995504034
policy_c,1000.0,0.0,0.0,0.9999999999999999,0.0,29033.743497752017
policy_c,1500.0,0.0,0.0,1.0,0.0,43544.61524662802
policy_c,2000.0,0.0,0.0,0.9941832013205247,0.0,58055.486995504034
