ai_capacity_mw,total_withdrawal_ml,freshwater_withdrawal_ml,reclaimed_water_use_ml,consumption_ml,return_flow_ml,maximum_daily_withdrawal_ml,p95_daily_withdrawal_ml,maximum_7day_average_ml,summer_peak_withdrawal_ml,unmet_cooling_water_ml,freshwater_dependency_ratio,reclaimed_water_substitution_ratio,urban_water_circularity_ratio,consumption_fraction,return_ratio,system_reliability_fraction,domestic_unmet_ml,peak_total_demand_to_wtw_capacity,peak_capacity_ratio,mean_total_demand_to_wtw_capacity,coincident_city_ai_peak,max_wtw_utilization,max_wwtw_utilization,max_reuse_utilization,max_source_abstraction_ratio,mean_source_abstraction_ratio,min_source_storage_ml,wastewater_ml,system_energy_kwh,system_carbon_kg_co2e,it_energy_mwh,facility_energy_mwh,site_wue_l_kwh_it,process_wue_l_kwh_it,wue_l_kwh_it,offsite_electricity_water_ml,max_local_connection_ratio,mean_local_connection_ratio,max_daily_average_grid_connection_ratio,mean_daily_average_grid_connection_ratio,internal_cooling_recovery_ratio,mean_wtw_utilization,mean_wwtw_utilization,mean_reuse_utilization,daily_peak_factor,balance_residual_max_ml
0.0,0.0,0.0,0.0,0.0,0.0,0.0,0.0,0.0,0.0,0.0,0.0,0.0,0.0,0.0,0.0,0.9999999999999999,0.0,0.7336250000000001,0.7336250000000001,0.6401528226387888,0.0,0.7425348047670184,0.8000675555555556,1.0,0.7270748964426588,0.6292140736015014,63971.87230832755,143952.705408,142336631.38554004,49817820.984939,0.0,0.0,0.0,0.0,0.0,0.0,0.0,0.0,0.0,0.0,0.0,0.6425931517980805,0.7303536550380517,0.8239763090410959,,0.0
50.0,1394.1706615704688,766.7938638637579,627.376797706711,1128.56162464918,253.6090369212891,13.699347132325968,2.164789033186423,13.699347132325968,2.219164444946057,0.0,0.55,0.45000000000000007,0.45000000000000007,0.8094859946184116,0.18190673775591448,1.0,0.0,0.7394649064340686,0.7394649064340686,0.6451786721758128,0.0,0.749028737249361,0.8015756508192585,1.0,0.7334336223323984,0.634686764460592,63604.8201740751,144206.3144449213,911094427.0394661,318883049.4638131,656998.9199999999,767856.919212,2.1220288483434175,2.103763978136325,2.1220288483434175,138.21424545816,0.19570495903322813,0.027283183200987646,0.034245665999999994,0.02921829981780822,0.01998,0.6481822093470173,0.7316403574070081,0.8254220457040586,7.173098446450473,3.2751579226442118e-15
100.0,2776.3413231409377,1526.9877277275157,1249.3535954134222,2257.12324929836,507.2180738425782,15.398694264651937,4.329578066372846,15.398694264651937,4.438328889892114,0.0,0.5499999999999999,0.4500000000000001,0.4500000000000001,0.8129847834216671,0.18269298144824314,1.0,0.0,0.7453048128681372,0.7453048128681372,0.6501612628808253,0.0,0.7555226697317035,0.8030837460829613,1.0,0.739792348222138,0.640111030737393,63222.3312052726,144459.92348184256,1679845008.631333,587945753.0209665,1313997.8399999999,1535713.838424,2.1128964132398713,2.103763978136325,2.1128964132398713,276.42849091632,0.21998134663788482,0.054331532742484104,0.06849133199999999,0.05843659963561644,0.01998,0.6537218126541248,0.7329270597759643,0.8268677823670214,4.048870619581696,3.219646771412954e-15
150.0,4158.5119847114065,2287.181591591274,1871.330393120133,3385.6848739475395,760.8271107638673,17.098041396977905,6.494367099559268,17.098041396977905,6.65749333483817,0.0,0.55,0.45,0.45,0.8141577772036889,0.1829565752271524,1.0000000000000002,0.0,0.7511447193022057,0.7511447193022057,0.6551438535858377,0.0,0.7620166022140458,0.8045918413466642,1.0,0.7461510741118775,0.6455352970141937,62839.84223647016,144713.53251876385,2448595590.2232003,857008456.57812,1970996.76,2303570.757636,2.1098522682053553,2.103763978136324,2.1098522682053553,414.64273637448,0.2442577342425415,0.08137988228398056,0.102736998,0.08765489945342467,0.019979999999999998,0.6592614159612322,0.7342137621449206,0.8283135190299842,3.001451063669369,2.886579864025407e-15
200.0,5540.682646281875,3047.3754554550314,2493.3071908268444,4514.24649859672,1014.4361476851564,18.797388529303873,8.659156132745691,18.797388529303873,8.876657779784228,0.0,0.55,0.45000000000000007,0.45000000000000007,0.8147455443285577,0.18308865756206102,1.0,0.0,0.7569846257362742,0.7569846257362742,0.6601264442908503,0.0,0.7685105346963882,0.806099936610367,1.0,0.752509800001617,0.6509595632909944,62457.353267667546,144967.14155568514,3217346171.8150673,1126071160.1352735,2627995.6799999997,3071427.676848,2.108330195688098,2.103763978136325,2.108330195688098,552.85698183264,0.2685341218471982,0.10842823182547702,0.13698266399999998,0.11687319927123288,0.01998,0.6648010192683398,0.735500464513877,0.8297592556929467,2.4766070360662438,5.551115123125783e-15
250.0,6922.853307852345,3807.56931931879,3115.283988533555,5642.808123245899,1268.0451846064454,20.496735661629845,10.823945165932113,20.496735661629845,11.095822224730288,0.0,0.55,0.45,0.45,0.8150986121351818,0.18316799854304974,1.0,0.0,0.762824532170343,0.762824532170343,0.6651090349958627,0.0,0.7750044671787308,0.8076080318740699,1.0,0.7588685258913567,0.6563838295677953,62074.864298865046,145220.75059260643,3986096753.4069343,1395133863.6924267,3284994.6,3839284.59606,2.1074169521777435,2.103763978136325,2.1074169521777435,691.0712272907999,0.29281050945185494,0.1354765813669735,0.17122833000000004,0.1460914990890411,0.019980000000000005,0.6703406225754474,0.7367871668828332,0.8312049923559097,2.161336715891152,5.551115123125783e-15
300.0,8305.023969422815,4567.763183182547,3737.2607862402665,6771.369747895079,1521.6542215277345,22.196082793955814,12.988734199118536,22.196082793955814,13.31498666967634,0.0,0.5499999999999999,0.44999999999999996,0.44999999999999996,0.8153341607231601,0.18322093074386236,0.9999999999999997,0.0,0.7686644386044115,0.7686644386044115,0.6700916257008754,0.0,0.7814983996610729,0.8091161271377728,1.0,0.7652272517810961,0.661808095844596,61692.37533006246,145474.35962952772,4754847334.998802,1664196567.2495804,3941993.52,4607141.515272,2.10680812317084,2.103763978136324,2.10680812317084,829.28547274896,0.3170868970565116,0.16252493090846995,0.205473996,0.17530979890684933,0.019979999999999998,0.6758802258825548,0.7380738692517895,0.8326507290188723,1.9510046568491524,5.773159728050814e-15
350.0,9687.194630993283,5327.957047046306,4359.237583946977,7899.931372544259,1775.2632584490236,23.895429926281786,15.15352323230496,23.895429926281786,15.5341511146224,0.0,0.55,0.44999999999999996,0.44999999999999996,0.8155024930818628,0.1832587581929275,1.0,0.0,0.77450434503848,0.77450434503848,0.6750742164058878,0.0,0.7879923321434155,0.8106242224014756,1.0,0.7715859776708356,0.6672323621213967,61309.886361259974,145727.96866644901,5523597916.590668,1933259270.806734,4598992.4399999995,5374998.434483999,2.1063732453087667,2.103763978136325,2.1063732453087667,967.4997182071199,0.3413632846611684,0.1895732804499664,0.239719662,0.20452809872465752,0.01998,0.6814198291896622,0.739360571620746,0.8340964656818352,1.8006930293705792,5.773159728050814e-15
400.0,11069.36529256375,6088.150910910064,4981.214381653688,9028.49299719344,2028.8722953703127,25.594777058607747,17.318312265491382,25.594777058607747,17.753315559568456,0.0,0.5500000000000002,0.45,0.45,0.8156287879720311,0.18328713903165536,1.0,0.0,0.7803442514725486,0.7803442514725486,0.6800568071109002,0.0,0.7944862646257579,0.8121323176651785,1.0,0.7779447035605752,0.6726566283981975,60927.397392457424,145981.5777033703,6292348498.182535,2202321974.3638873,5255991.359999999,6142855.353696,2.1060470869122114,2.103763978136325,2.1060470869122114,1105.71396366528,0.36563967226582494,0.21662162999146284,0.27396532799999995,0.23374639854246576,0.01998,0.6869594324967697,0.7406472739897022,0.8355422023447978,1.687918571567553,5.773159728050814e-15
450.0,12451.535954134222,6848.344774773821,5603.1911793603995,10157.054621842619,2282.481332291602,27.294124190933722,19.483101298677802,27.294124190933722,19.972480004514512,0.0,0.5499999999999999,0.44999999999999996,0.44999999999999996,0.8157270443788279,0.1833092190954772,1.0,0.0,0.7861841579066171,0.7861841579066171,0.6850393978159128,0.0,0.8009801971081003,0.8136404129288813,1.0,0.7843034294503148,0.6780808946749984,60544.71275679768,146235.1867402916,7061099079.774403,2471384677.921041,5912990.28,6910712.272908,2.105793408159335,2.1037639781363247,2.105793408159335,1243.92820912344,0.3899160598704817,0.24366997953295935,0.308210994,0.262964698360274,0.01998,0.6924990358038773,0.7419339763586587,0.8369879390077607,1.6001809521953887,5.329070518200751e-15
500.0,13833.706615704692,7608.5386386375785,6225.167977067111,11285.616246491798,2536.090369212891,28.99347132325969,21.64789033186423,28.99347132325969,22.19164444946058,0.0,0.5499999999999998,0.44999999999999996,0.44999999999999996,0.8158056665507002,0.18332688697718938,1.0,0.0,0.7920240643406858,0.7920240643406858,0.6900219885209253,0.0,0.8074741295904428,0.8151485081925842,1.0,0.7906621553400544,0.683505160951799,60152.50210970064,146488.7957772129,7829849661.36627,2740447381.478194,6569989.2,7678569.19212,2.1055904651570345,2.103763978136325,2.1055904651570345,1382.1424545815998,0.41419244747513845,0.2707183290744558,0.3424566600000001,0.2921829981780822,0.019980000000000005,0.6980386391109847,0.7432206787276149,0.8384336756707234,1.5299756351599778,5.329070518200751e-15
550.0,15215.877277275158,8368.732502501338,6847.144774773822,12414.177871140977,2789.69940613418,30.69281845558566,23.812679365050652,30.69281845558566,24.410808894406628,0.0,0.55,0.45000000000000007,0.45000000000000007,0.8158700050559354,0.1833413450501854,0.9999999999999999,0.0,0.7978639707747543,0.7978639707747543,0.695004579225938,0.0,0.8139680620727853,0.8166566034562871,1.0,0.7970208812297939,0.6889294272285998,59759.75333256376,146742.40481413418,8598600242.958138,3009510085.035348,7226988.119999999,8446426.111332,2.105424420882424,2.103763978136325,2.105424420882424,1520.3567000397597,0.4384688350797951,0.29776667861595224,0.37670232600000003,0.32140129799589034,0.01998,0.7035782424180922,0.7445073810965711,0.8398794123336862,1.4725248544190366,5.329070518200751e-15
600.0,16598.047938845626,9128.926366365096,7469.121572480532,13542.739495790158,3043.308443055469,32.39216558791163,25.97746839823707,32.39216558791163,26.62997333935268,0.0,0.5500000000000002,0.45000000000000007,0.45000000000000007,0.8159236282295036,0.18335339518649008,1.0,0.0,0.8037038772088229,0.8037038772088229,0.6999871699309503,0.0,0.8204619945551279,0.8181646987199899,1.0,0.8033796071195336,0.6943536935054007,59349.69101990142,146996.01385105547,9367350824.550003,3278572788.592501,7883987.04,9214283.030544,2.105286050653582,2.103763978136324,2.105286050653582,1658.57094549792,0.46274522268445184,0.3248150281574487,0.410947992,0.35061959781369867,0.019979999999999998,0.7091178457251996,0.7457940834655274,0.8413251489966488,1.4246422812067174,5.329070518200751e-15
650.0,17980.218600416098,9889.120230228853,8091.098370187244,14671.301120439337,3296.917479976758,34.0915127202376,28.142257431423502,34.0915127202376,28.849137784298748,0.0,0.5499999999999999,0.45,0.45,0.8159690071899245,0.18336359269294206,1.0,0.0,0.8095437836428914,0.8095437836428914,0.7049697606359627,0.0,0.8269559270374702,0.8196727939836927,1.0,0.8097383330092731,0.6997779597822015,58918.2171995356,147249.62288797676,10136101406.14187,3547635492.149655,8540985.96,9982139.949756,2.1051689681522547,2.1037639781363247,2.1051689681522547,1796.78519095608,0.4870216102891086,0.35186337769894516,0.44519365800000005,0.3798378976315068,0.01998,0.7146574490323072,0.7470807858344839,0.8427708856596116,1.3841213412832212,5.329070518200751e-15
700.0,19362.389261986566,10649.314094092611,8713.075167893956,15799.862745088518,3550.5265168980472,35.79085985256357,30.30704646460992,35.79085985256357,31.068302229244807,0.0,0.55,0.45000000000000007,0.45000000000000007,0.8160079074594261,0.1833723343156136,1.0,0.0,0.8153836900769601,0.8153836900769601,0.7099523513409753,0.0,0.8334498595198125,0.8211808892473956,1.0,0.8160970588990125,0.7052022260590022,58486.743379169835,147503.23192489805,10904851987.733738,3816698195.706808,9197984.879999999,10749996.868967999,2.1050686117225457,2.103763978136325,2.1050686117225457,1934.9994364142399,0.5112979978937653,0.37891172724044164,0.479439324,0.40905619744931504,0.01998,0.7201970523394148,0.7483674882034402,0.8442166223225743,1.3493855194651099,5.329070518200751e-15
750.0,20744.559923557033,11409.507957956368,9335.051965600665,16928.424369737695,3804.1355538193366,37.49020698488954,32.47183549779635,37.49020698488954,33.28746667419086,0.0,0.5499999999999999,0.45,0.45,0.8160416240266527,0.1833799110628252,1.0,0.0,0.8212235965110286,0.8212235965110286,0.7149349420459878,0.0,0.839943792002155,0.8226889845110985,1.0,0.822455784788752,0.7106264923358029,58055.26955880411,147756.84096181934,11673602569.325603,4085760899.263962,9854983.8,11517853.788180001,2.1049816361501303,2.103763978136324,2.1049816361501303,2073.2136818724,0.535574385498422,0.405960076781938,0.51368499,0.4382744972671233,0.019980000000000005,0.7257366556465221,0.7496541905723962,0.8456623589855371,1.3192784614288722,5.329070518200751e-15
800.0,22126.7305851275,12169.701821820126,9957.028763307377,18056.98599438688,4057.7445907406254,39.18955411721549,34.636624530982765,39.18955411721549,35.50663111913691,0.0,0.55,0.45000000000000007,0.45000000000000007,0.8160711283086665,0.18338654123027293,1.0000000000000002,0.0,0.8270635029450972,0.8270635029450972,0.7199175327510003,0.0,0.8464377244844974,0.8241970797748013,1.0,0.8288145106784917,0.7160507586126037,57623.795738438355,148010.44999874063,12442353150.91747,4354823602.8211155,10511982.719999999,12285710.707392,2.1049055325242683,2.103763978136325,2.1049055325242683,2211.42792733056,0.5598507731030785,0.4330084263234345,0.5479306559999999,0.4674927970849315,0.01998,0.7312762589536296,0.7509408929413527,0.8471080956484999,1.2929327446503303,5.329070518200751e-15
850.0,23508.901246697977,12929.895685683885,10579.005561014088,19185.547619036057,4311.353627661914,40.88890124954147,36.80141356416918,40.88890124954147,37.72579556408297,0.0,0.5499999999999999,0.44999999999999996,0.44999999999999996,0.8160971632704794,0.18339239177617797,1.0,0.0,0.8329034093791657,0.8329034093791657,0.7249001234560128,0.0,0.8529316569668398,0.8257051750385042,1.0,0.8351732365682313,0.7214750248894045,57192.321918072514,148264.05903566192,13211103732.509338,4623886306.378269,11168981.64,13053567.626603998,2.104838382266154,2.1037639781363247,2.104838382266154,2349.64217278872,0.5841271607077353,0.460056775864931,0.582176322,0.4967110969027397,0.019979999999999998,0.7368158622607371,0.752227595310309,0.8485538323114626,1.2696849418412444,5.329070518200751e-15
900.0,24891.07190826844,13690.089549547643,11200.9823587208,20314.109243685238,4564.962664583204,42.588248381867444,38.966202597355604,42.588248381867444,39.94496000902902,0.0,0.55,0.45,0.45,0.816120306853366,0.18339759257482166,1.0,0.0,0.8387433158132342,0.8387433158132342,0.7298827141610252,0.0,0.8594255894491823,0.8272132703022068,1.0,0.8415319624579708,0.7268992911662052,56760.8480977068,148517.6680725832,13979854314.101208,4892949009.935422,11825980.56,13821424.545816,2.10477869314783,2.1037639781363247,2.10477869314783,2487.85641824688,0.6084035483123921,0.48710512540642736,0.616421988,0.525929396720548,0.01998,0.7423554655678445,0.7535142976792653,0.8499995689744254,1.2490189829243874,5.329070518200751e-15
950.0,26273.242569838912,14450.2834134114,11822.95915642751,21442.67086833442,4818.571701504492,44.28759551419341,41.130991630542034,44.28759551419341,42.16412445397509,0.0,0.5499999999999999,0.45,0.45,0.8161410153823235,0.183402246171019,1.0,0.0,0.844583222247303,0.844583222247303,0.7348653048660378,0.0,0.8659195219315248,0.8287213655659098,1.0,0.8478906883477104,0.732323557443006,56293.07854297334,148771.2771095045,14748604895.693073,5162011713.492575,12482979.48,14589281.465028,2.1047252870945927,2.1037639781363247,2.1047252870945927,2626.07066370504,0.6326799359170487,0.514153474947924,0.6506676539999999,0.555147696538356,0.019979999999999998,0.747895068874952,0.7548010000482216,0.8514453056373882,1.2305273945316226,9.769962616701378e-15
1000.0,27655.41323140938,15210.477277275158,12444.935954134222,22571.232492983596,5072.180738425782,45.98694264651938,43.29578066372846,45.98694264651938,44.38328889892115,0.0,0.5499999999999999,0.45,0.45,0.8161596539569521,0.18340643460952155,1.0,0.0,0.8504231286813715,0.8504231286813715,0.7398478955710504,0.0,0.8724134544138674,0.8302294608296127,1.0,0.8542494142374499,0.737747823719807,55040.67067046096,149024.8861464258,15517355477.28494,5431074417.049728,13139978.4,15357138.38424,2.1046772216466794,2.103763978136325,2.1046772216466794,2764.2849091631997,0.6569563235217054,0.5412018244894204,0.6849133200000002,0.5843659963561644,0.019980000000000005,0.7534346721820596,0.7560877024171782,0.8528910423003508,1.2138841626069719,1.0658141036401503e-14
1050.0,29037.58389297985,15970.671141138917,13066.912751840933,23699.79411763278,5325.789775347071,47.686289778845335,45.46056969691488,47.686289778845335,46.602453343867204,0.0,0.55,0.45000000000000007,0.45000000000000007,0.8161765181628098,0.18341022431396706,0.9999999999999999,0.0,0.85626303511544,0.85626303511544,0.7448304862760629,0.0,0.8789073868962098,0.8317375560933156,1.0,0.8606081401271894,0.7431720899966077,53787.3328606814,149278.49518334705,16286106058.876808,5700137120.606882,13796977.32,16124995.303452,2.104633733860472,2.1037639781363247,2.104633733860472,2902.4991546213596,0.6812327111263621,0.5682501740309167,0.7191589860000001,0.6135842961739726,0.01998,0.7589742754891672,0.7573744047861344,0.8543367789633136,1.1988253453474493,1.0658141036401503e-14
1100.0,30419.754554550316,16730.865005002674,13688.889549547643,24828.355742281954,5579.39881226836,49.38563691117132,47.625358730101304,49.38563691117132,48.821617788813256,0.0,0.5499999999999999,0.45,0.45,0.8161918498638255,0.1834136696357325,1.0,0.0,0.8621029415495086,0.8621029415495086,0.7498130769810755,0.0,0.885401319378552,0.8332456513570186,1.0,0.8669668660169288,0.7485963562734085,52517.71360780488,149532.10422026835,17054856640.468676,5969199824.164036,14453976.239999998,16892852.222664,2.1045941995093744,2.103763978136325,2.1045941995093744,3040.7134000795195,0.7055090987310189,0.5952985235724132,0.7534046520000001,0.6428025959917807,0.01998,0.7645138787962746,0.7586611071550905,0.8557825156262764,1.1851349714379047,1.0658141036401503e-14
1150.0,31801.92521612079,17491.05886886643,14310.866347254354,25956.91736693114,5833.007849189649,51.08498404349728,49.79014776328773,51.08498404349728,51.040782233759316,0.0,0.5499999999999998,0.44999999999999996,0.44999999999999996,0.8162058488765094,0.18341681547734806,1.0,0.0,0.8679428479835771,0.8679428479835771,0.754795667686088,0.0,0.8918952518608946,0.8347537466207213,1.0,0.8733255919066686,0.7540206225502092,51243.41177572919,149785.71325718967,17823607222.060543,6238262527.7211895,15110975.16,17660709.141875997,2.1045581029279377,2.1037639781363247,2.1045581029279377,3178.92764553768,0.7297854863356754,0.6223468731139098,0.787650318,0.6720208958095889,0.01998,0.770053482103382,0.7599478095240467,0.857228252289239,1.1726346156190952,1.0658141036401503e-14
1200.0,33184.09587769126,18251.25273273019,14932.843144961065,27085.478991580316,6086.616886110938,53.25994667870536,51.95493679647414,52.784331175823255,53.25994667870536,0.0,0.5499999999999999,0.44999999999999996,0.44999999999999996,0.8162186817266619,0.18341969926029536,0.9999999999999999,0.0,0.8737827544176456,0.8737827544176456,0.7597782583911005,1.0,0.8983891843432371,0.8362618418844242,1.0,0.8796843177964081,0.7594448888270101,49969.10994365351,150039.32229411093,18592357803.65241,6507325231.278343,15767974.08,18428566.061088,2.104525014394954,2.103763978136324,2.104525014394954,3317.14189099584,0.7608563811243623,0.6493952226554063,0.821895984,0.7012391956273973,0.019979999999999998,0.7755930854104895,0.7612345118930033,0.8586739889522019,1.1716384022863402,1.0658141036401503e-14
1250.0,34566.26653926173,19011.446596593945,15554.819942667778,28214.040616229497,6340.225923032227,55.47911112365142,54.11972582966058,54.48367830814922,55.47911112365142,0.0,0.5499999999999998,0.45,0.45,0.8162304883052058,0.18342235242069746,1.0,0.0,0.8796226608517144,0.8796226608517144,0.764760849096113,1.0,0.9048831168255794,0.8377699371481271,1.0,0.8860430436861476,0.7648691551038108,48694.80811157779,150292.93133103225,19361108385.244274,6776387934.835497,16424973.0,19196422.9803,2.1044945729446085,2.103763978136325,2.1044945729446085,3455.3561364539996,0.7925587303378775,0.6764435721969028,0.85614165,0.7304574954452057,0.019980000000000005,0.781132688717597,0.7625212142619596,0.8601197256151647,1.171655350000392,1.0658141036401503e-14
1300.0,35948.437200832195,19771.640460457707,16176.796740374488,29342.602240878674,6593.834959953516,57.698275568597495,56.28255548470052,56.356925554643205,57.698275568597495,0.0,0.55,0.45,0.45,0.8162413869885671,0.18342480155996518,0.9999999999999999,0.0,0.8854625672857829,0.8854625672857829,0.7697434398011255,1.0,0.911377049307922,0.8392780324118299,1.0,0.8924017695758873,0.7702934213806115,47420.50627950212,150546.54036795354,20129858966.836143,7045450638.392649,17081971.92,19964279.899512,2.10446647314429,2.1037639781363247,2.10446647314429,3593.57038191216,0.8242610795513928,0.703491921738399,0.8903873160000001,0.7596757952630137,0.01998,0.7866722920247045,0.7638079166309157,0.8615654622781272,1.1716709944793127,1.0658141036401503e-14
1350.0,37330.60786240266,20531.834324321462,16798.773538081197,30471.163865527855,6847.443996874806,59.91744001354355,58.447269157188984,58.52449961443717,59.91744001354355,0.0,0.5499999999999999,0.44999999999999996,0.44999999999999996,0.8162514786215613,0.1834270693398265,1.0,0.0,0.8913024737198514,0.8913024737198514,0.774726030506138,1.0,0.9178709817902645,0.8407861276755327,1.0,0.8987604954656269,0.7757176876574122,46146.204447426535,150800.14940487483,20898609548.42801,7314513341.949802,17738970.840000004,20732136.818724,2.104440454810661,2.103763978136324,2.104440454810661,3731.78462737032,0.8559634287649078,0.7305402712798955,0.9246329819999999,0.7888940950808219,0.01998,0.792211895331812,0.7650946189998721,0.8630111989410902,1.171685480480457,1.0658141036401503e-14
1400.0,38712.77852397313,21292.02818818522,17420.75033578791,31599.725490177036,7101.0530337960945,62.136604458489614,60.61198282967747,60.692073674231146,62.136604458489614,0.0,0.5499999999999999,0.45,0.45,0.816260849647067,0.18342917518562307,0.9999999999999999,0.0,0.8971423801539201,0.8971423801539201,0.7797086212111505,1.0,0.9243649142726068,0.8422942229392356,1.0,0.9051192213553664,0.7811419539342132,44871.00041699689,151053.7584417961,21667360130.019875,7583576045.506956,18395969.759999998,21499993.737935998,2.104416294929435,2.103763978136325,2.104416294929435,3869.9988728284798,0.887665777978423,0.757588620821392,0.958878648,0.8181123948986301,0.01998,0.7977514986389195,0.7663813213688284,0.8644569356040529,1.17169893208797,1.0658141036401503e-14
1450.0,40094.9491855436,22052.22205204898,18042.72713349462,32728.287114826217,7354.662070717384,64.35576890343566,62.77669650216595,62.8596477340251,64.35576890343566,0.0,0.55,0.45,0.45,0.8162695745883758,0.18343113584414114,1.0,0.0,0.9029822865879886,0.9029822865879886,0.784691211916163,1.0,0.930858846754949,0.8438023182029385,1.0,0.9114779472451058,0.7865662202110139,43594.38026564927,151307.36747871738,22436110711.611744,7852638749.06411,19052968.68,22267850.657147996,2.104393801246914,2.1037639781363247,2.104393801246914,4008.2131182866397,0.919368127191938,0.7846369703628885,0.993124314,0.8473306947164382,0.019979999999999998,0.803291101946027,0.7676680237377848,0.8659026722670157,1.1717114562760629,1.0658141036401503e-14
1500.0,41477.11984711407,22812.415915912738,18664.70393120133,33856.84873947539,7608.271107638673,66.57493334838172,64.94141017465442,65.02722179381908,66.57493334838172,0.0,0.55,0.44999999999999996,0.44999999999999996,0.8162777180352149,0.18343296582990798,1.0,0.0,0.9088221930220572,0.9088221930220572,0.7896738026211755,1.0,0.9373527792372917,0.8453104134666414,1.0,0.9178366731348454,0.7919904864878146,42317.76011430186,151560.97651563867,23204861293.203613,8121701452.6212635,19709967.6,23035707.576360002,2.1043728071432275,2.103763978136324,2.1043728071432275,4146.4273637448,0.9510704764054532,0.8116853199043849,1.02736998,0.8765489945342466,0.019980000000000005,0.8088307052531344,0.7689547261067412,0.8673484089299784,1.1717231457598465,1.0658141036401503e-14
1550.0,42859.29050868454,23572.609779776496,19286.680728908046,34985.410364124575,7861.880144559962,68.7940977933278,67.10612384714291,67.19479585361304,68.7940977933278,0.0,0.5499999999999999,0.45000000000000007,0.45000000000000007,0.816285336245487,0.1834346777851331,0.9999999999999999,0.0,0.9146620994561258,0.9146620994561258,0.794656393326188,1.0,0.943846711719634,0.8468185087303441,1.0,0.9241953990245849,0.7974147527646154,41041.13996295442,151814.58555255993,23973611874.79548,8390764156.178417,20366966.520000003,23803564.495572,2.1043531674978437,2.1037639781363247,2.1043531674978437,4284.641609202959,0.9827728256189685,0.8387336694458815,1.0616156460000001,0.9057672943520548,0.01998,0.814370308560242,0.7702414284756975,0.8687941455929411,1.17173408129454,1.0658141036401503e-14
1600.0,44241.461170255,24332.80364364025,19908.657526614756,36113.97198877376,8115.489181481251,71.01326223827382,69.2708375196314,69.36236991340702,71.01326223827382,0.0,0.5499999999999999,0.4500000000000001,0.4500000000000001,0.8162924784467647,0.18343628277217847,1.0,0.0,0.9205020058901943,0.9205020058901943,0.7996389840312005,1.0,0.9503406442019764,0.848326603994047,1.0,0.9305541249143245,0.8028390190414162,39764.519811606944,152068.19458948125,24742362456.387344,8659826859.73557,21023965.439999998,24571421.414784,2.1043347553302967,2.103763978136325,2.1043347553302967,4422.85585466112,1.0144751748324832,0.8657820189873777,1.0958613119999998,0.934985594169863,0.01998,0.8199099118673494,0.7715281308446538,0.870239882255904,1.1717443335436992,1.0658141036401503e-14
1650.0,45623.63183182548,25092.997507504013,20530.634324321465,37242.53361342293,8369.09821840254,73.23242668321988,71.43555119211987,71.52994397320099,73.23242668321988,0.0,0.55,0.45,0.45,0.8162991879012099,0.1834377905128663,1.0,0.0,0.9263419123242628,0.9263419123242628,0.8046215747362129,1.0,0.9568345766843189,0.8498346992577499,1.0,0.9369128508040641,0.8082632853182169,38487.899660259485,152321.80362640254,25511113037.97921,8928889563.292725,21680964.36,25339278.333995998,2.1043174590516913,2.103763978136325,2.1043174590516913,4561.070100119279,1.0461775240459983,0.8928303685288743,1.130106978,0.9642038939876711,0.019980000000000005,0.8254495151744569,0.77281483321361,0.8716856189188665,1.1717539646078523,1.0658141036401503e-14
1700.0,47005.80249339595,25868.914375196386,21136.888118199564,38371.095238072114,8622.707255323829,75.45159112816596,73.60026486460835,73.69751803299496,75.45159112816596,0.0,0.5503344907010325,0.4496655092989674,0.4496655092989674,0.8163055027826199,0.183439209585567,1.0,0.0,0.9321818187583315,0.9321818187583315,0.8096041654412255,1.0,0.9633285091666614,0.8513427945214528,1.0,0.9432715766938037,0.8136875515950177,37211.27950891197,152575.4126633238,26279863619.571075,9197952266.849876,22337963.28,26107135.253207996,2.1043011802012397,2.1037639781363247,2.1043011802012397,4699.28434557744,1.0778798732595136,0.919878718070371,1.164352644,0.9934221938054794,0.019979999999999998,0.8309891184815644,0.7741015355825663,0.8731313555818293,1.171763029283449,1.0658141036401503e-14
1750.0,48387.973154966414,26731.16323214969,21656.80992281672,39499.6568627213,8876.31629224512,77.67075557311202,75.76497853709682,75.86509209278893,77.67075557311202,0.0,0.5524340345180603,0.4475659654819396,0.4475659654819396,0.8163114569031532,0.18344054758850914,1.0,0.0,0.9380217251924,0.9380217251924,0.814586756146238,1.0,0.9698224416490038,0.8528508897851557,1.0,0.9496303025835432,0.8191118178718184,35934.659357564546,152829.02170024512,27048614201.16295,9467014970.407032,22994962.2,26874992.172420003,2.104285831570813,2.1037639781363247,2.104285831570813,4837.4985910356,1.1095822224730287,0.9469270676118673,1.19859831,1.0226404936232878,0.019980000000000005,0.8365287217886719,0.7753882379515227,0.8745770922447921,1.1717715761060405,1.0658141036401503e-14
1800.0,49770.14381653688,27674.01912765157,22096.124688885317,40628.218487370475,9129.925329166408,79.88992001805805,77.92969220958531,78.03266615258289,79.88992001805805,0.0,0.5560365513441907,0.4439634486558093,0.4439634486558093,0.816317080318967,0.18344181127587686,0.9999999999999999,0.0,0.9438616316264686,0.9438616316264686,0.8195693468512505,1.0,0.9763163741313463,0.8543589850488585,1.0,0.9559890284732827,0.8245360841486193,34623.972594206156,153082.63073716642,27817364782.754814,9736077673.964184,23651961.12,27642849.091632,2.104271335642077,2.1037639781363247,2.104271335642077,4975.71283649376,1.1412845716865436,0.9739754171533637,1.232843976,1.051858793441096,0.01998,0.8420683250957794,0.7766749403204789,0.876022828907755,1.1717796482196379,1.0658141036401503e-14
1850.0,51152.31447810735,28690.403669992622,22461.910808114728,41756.78011201965,9383.534366087697,82.10908446300414,80.09440588207379,80.20024021237687,82.10908446300414,0.0,0.5608818283730214,0.43911817162697864,0.43911817162697864,0.8163223998376674,0.18344300667184377,1.0,0.0,0.9497015380605373,0.9497015380605373,0.824551937556263,1.0,0.98,0.8558670803125613,1.0,0.9623477543630224,0.82996035042542,33301.251174154466,153336.2397740877,28586114993.84503,10005140247.84576,24308960.04,28410706.010844,2.1042576232770567,2.1037639781363247,2.1042576232770567,5113.927081951919,1.1729869209000592,1.00102376669486,1.2670896420000002,1.081077093258904,0.019979999999999998,0.8476040786677997,0.7779616426894351,0.8774685655707176,1.1717872841051318,1.0658141036401503e-14
1900.0,52534.485139677825,29792.64337248086,22741.841767196962,42885.34173666884,9637.143403008984,84.32824890795018,82.25911955456228,82.36781427217082,84.32824890795018,0.0,0.5671064119743188,0.4328935880256812,0.4328935880256812,0.8163274394456517,0.18344413916660468,1.0,0.0,0.9555414444946059,0.9555414444946059,0.8295345282612754,1.0,0.98,0.8573751755762642,1.0,0.9687064802527618,0.8353846167022208,31978.529754102885,153589.84881100897,29354864719.298046,10274202651.754314,24965958.96,29178562.930056,2.1042446326154587,2.1037639781363247,2.1042446326154587,5252.14132741008,1.204689270113574,1.0280721162363566,1.3013353079999999,1.110295393076712,0.019979999999999998,0.8531347861769861,0.7792483450583917,0.8789143022336805,1.1717945181937146,8.881784197001252e-15
1950.0,53916.65580124829,30975.194991157416,22941.460810090874,44013.90336131802,9890.752439930273,86.54741335289624,84.42383322705075,84.5353883319648,86.54741335289624,0.0,0.5745014139107691,0.42549858608923086,0.42549858608923086,0.8163322206697211,0.1834452135976371,1.0,0.0,0.9613813509286744,0.9613813509286744,0.834517118966288,1.0,0.98,0.8588832708399671,1.0,0.9750652061425014,0.8408088829790217,30655.80833405139,153843.45784793026,30123613143.450024,10543264600.207508,25622957.88,29946419.849268,2.104232308141635,2.1037639781363247,2.104232308141635,5390.3555728682395,1.2363916193270892,1.055120465777853,1.3355809740000002,1.1395136928945206,0.01998,0.8586519723852724,0.7805350474273479,0.8803600388966432,1.1718013813859631,1.0658141036401503e-14
2000.0,55298.82646281876,32233.588062500687,23065.23840031807,45142.46498596719,10144.361476851564,88.7665777978423,86.58854689953921,86.70296239175876,88.7665777978423,0.0,0.5828982299321228,0.41710177006787713,0.41710177006787713,0.8163367628844638,0.18344623431877569,1.0,0.0,0.9672212573627429,0.9672212573627429,0.8394997096713005,1.0,0.98,0.86039136610367,1.0,0.981423932032241,0.8462331492558225,29333.086913999632,154097.06688485155,30892360375.67811,10812326131.487337,26279956.8,30714276.76848,2.104220599891502,2.103763978136325,2.104220599891502,5528.569818326399,1.2680939685406043,1.0821688153193496,1.3698266400000003,1.1687319927123287,0.019980000000000005,0.8641567737870016,0.7818217497963043,0.881805775559606,1.171807901493066,1.0658141036401503e-14
