state,pressure,summer_withdrawal_ml,total_withdrawal_ml,freshwater_withdrawal_ml,reclaimed_water_use_ml,system_reliability_fraction,domestic_unmet_ml,max_wtw_utilization,max_reuse_utilization,max_source_abstraction_ratio,reclaimed_water_substitution_ratio,unmet_cooling_water_ml
S0,G0,7751.742299238751,27655.41323140938,15210.477277275158,12444.935954134222,1.0,0.0,0.8724134544138674,1.0,0.8542494142374499,0.45,0.0
S0,G1,7829.433123133414,27733.104055304044,15253.207230417222,12479.896824886819,1.0,0.0,0.890637504328196,1.0,0.8720940312428224,0.44999999999999996,0.0
S0,G2,7771.165005212417,27674.835937383046,15221.159765560675,12453.676171822372,1.0,0.0,0.8680736842105263,1.0,1.0,0.45,0.0
S0,G3,7825.70821647914,27733.104055304044,15106.05916734396,12627.04488796008,0.9816691222651871,2596.099388277273,0.8680736842105263,1.0,1.0,0.4553058634467972,0.0
S1,G0,7747.1410066551625,27655.41323140938,14847.567794625968,12807.845436783413,0.9556575560014843,5532.402062322975,0.9800000000000001,1.0,0.7065175660477295,0.4631225478213799,0.0
S1,G1,7823.547770783449,27733.104055304044,14836.093071491785,12897.010983812255,0.9493072989186349,6347.588442728891,0.9800000000000001,1.0,0.7241316837527314,0.46504029834142063,0.0
S1,G2,7766.2419132034265,27674.835937383046,14844.662421019266,12830.173516363779,0.9540611884737871,5736.742084890044,0.9800000000000001,1.0,0.8363808580325361,0.4636043207408083,0.0
S1,G3,7825.171443468708,27731.66098691253,14173.073175132384,13558.587811780151,0.8725953792327638,18024.166675335917,0.9800000000000001,1.0,0.9543750648178918,0.48892086983822886,0.0
S2,G0,7748.811387526522,27653.873409989275,14142.808362316084,13511.065047673188,0.8733480529119781,15901.781692598113,0.6638210526315789,1.0,1.0,0.48857767038134525,0.0
S2,G1,7825.185137440113,27731.564233883935,14130.127717448855,13601.436516435078,0.8675779691524731,16693.098813404846,0.6638210526315789,1.0,1.0,0.49046769961198594,0.0
S2,G2,7765.298361725787,27669.574091535247,13516.757106825935,14152.816984709312,0.7276110985191839,33993.4513795108,0.5642478947368421,1.0,1.0,0.5114938501723806,0.0
S2,G3,7820.164805122569,27725.703564907235,13166.253000634744,14559.450564272489,0.6514239842967063,48628.862640547966,0.5642478947368421,1.0,1.0,0.5251246566273097,0.0
S3,G0,7751.742299238751,27655.41323140938,15210.477277275158,12444.935954134222,1.0,0.0,0.7586203951424935,1.0,0.7428255775977827,0.45,0.0
S3,G1,7829.433123133414,27733.104055304044,15253.207230417222,12479.896824886819,1.0,0.0,0.7744673950679966,1.0,0.7583426358633238,0.44999999999999996,0.0
S3,G2,7771.165005212417,27674.835937383046,15221.159765560675,12453.676171822372,1.0,0.0,0.7625821451238692,1.0,0.8784762848990212,0.45,0.0
S3,G3,7829.433123133414,27733.104055304044,15253.207230417222,12479.896824886819,0.9999999999999999,0.0,0.8537184292115712,1.0,0.9834630916014803,0.44999999999999996,0.0
