metric,baseline,ai_scenario,delta
coincident_city_ai_peak,0.0,0.0,0.0
consumption_fraction,0.0,0.8158056665507002,0.8158056665507002
consumption_ml,0.0,11285.616246491798,11285.616246491798
domestic_unmet_ml,0.0,0.0,0.0
facility_energy_mwh,0.0,7678569.19212,7678569.19212
freshwater_dependency_ratio,0.0,0.5499999999999998,0.5499999999999998
freshwater_withdrawal_ml,0.0,7608.5386386375785,7608.5386386375785
internal_cooling_recovery_ratio,0.0,0.019980000000000005,0.019980000000000005
it_energy_mwh,0.0,6569989.2,6569989.2
max_daily_average_grid_connection_ratio,,0.3424566600000001,
max_local_connection_ratio,,0.41419244747513845,
max_reuse_utilization,1.0,1.0,0.0
max_source_abstraction_ratio,0.7270748964426588,0.7906621553400544,0.06358725889739558
max_wtw_utilization,0.7425348047670184,0.8074741295904428,0.06493932482342446
max_wwtw_utilization,0.8000675555555556,0.8151485081925842,0.015080952637028577
maximum_7day_average_ml,0.0,28.99347132325969,28.99347132325969
maximum_daily_withdrawal_ml,0.0,28.99347132325969,28.99347132325969
mean_daily_average_grid_connection_ratio,,0.2921829981780822,
mean_local_connection_ratio,,0.2707183290744558,
mean_source_abstraction_ratio,0.6292140736015014,0.683505160951799,0.05429108735029764
mean_total_demand_to_wtw_capacity,0.6401528226387888,0.6900219885209253,0.049869165882136524
min_source_storage_ml,63971.87230832755,60152.50210970064,-3819.370198626908
offsite_electricity_water_ml,0.0,1382.1424545815998,1382.1424545815998
p95_daily_withdrawal_ml,0.0,21.64789033186423,21.64789033186423
peak_capacity_ratio,0.7336250000000001,0.7920240643406858,0.05839906434068576
peak_total_demand_to_wtw_capacity,0.7336250000000001,0.7920240643406858,0.05839906434068576
process_wue_l_kwh_it,0.0,2.103763978136325,2.103763978136325
reclaimed_water_substitution_ratio,0.0,0.44999999999999996,0.44999999999999996
reclaimed_water_use_ml,0.0,6225.167977067111,6225.167977067111
return_flow_ml,0.0,2536.090369212891,2536.090369212891
return_ratio,0.0,0.18332688697718938,0.18332688697718938
site_wue_l_kwh_it,0.0,2.1055904651570345,2.1055904651570345
summer_peak_withdrawal_ml,0.0,22.19164444946058,22.19164444946058
system_carbon_kg_co2e,49817820.984939,2740447381.478194,2690629560.493255
system_energy_kwh,142336631.38554004,7829849661.36627,7687513029.98073
system_reliability_fraction,0.9999999999999999,1.0,1.1102230246251565e-16
total_withdrawal_ml,0.0,13833.706615704692,13833.706615704692
unmet_cooling_water_ml,0.0,0.0,0.0
urban_water_circularity_ratio,0.0,0.44999999999999996,0.44999999999999996
wastewater_ml,143952.705408,146488.7957772129,2536.0903692128777
wue_l_kwh_it,0.0,2.1055904651570345,2.1055904651570345
