模型来源,指标,模型口径,模型值,对标主体,对标年份,对标区间低,对标区间高,判定,偏差,对标来源性质,对标来源说明,口径与风险备注,模型口径备注
模型-D-HA,综合漏损率_pct,配水干管(DM1),12.0,CJJ92-2016 评定标准 一级,2018,10.0,10.0,超标（>限值）,2.0,OFFICIAL,《城镇供水管网漏损控制及评定标准》CJJ 92-2016（住建部 2018-12-27 局部修订）5.1.2：漏损率应按两级评定，一级为 10%、二级为 12%,2018 局部修订已废止原修正条款，评定标准即 10/12 两档；转引自四川省发改委答复(2022-10-31)与国标电子书库原文,仅配水干管一段的漏损，对应 CJJ92 管网漏损的直接含义
模型-D-HA,综合漏损率_pct,配水干管(DM1),12.0,CJJ92-2016 评定标准 二级,2018,12.0,12.0,达标（≤限值）,-0.0,OFFICIAL,同上，二级为 12%,同上,仅配水干管一段的漏损，对应 CJJ92 管网漏损的直接含义
模型-D-HA,综合漏损率_pct,配水干管(DM1),12.0,全国实际水平(2023 年鉴口径),2023,12.76,12.76,低于参考,-0.76,GREY,《2023 年城乡建设统计年鉴》：城市供水总量约 650.61 亿 m³、漏损水量约 82.99 亿 m³，漏损率约 12.76%,转引自期刊论文《基于卷积神经网络支持向量机的城市供水管网漏损检测》；正式引用前必须回溯年鉴原文核对,仅配水干管一段的漏损，对应 CJJ92 管网漏损的直接含义
模型-D-HA,综合漏损率_pct,配水干管(DM1),12.0,政策目标 2025,2022,9.0,9.0,超标（>限值）,3.0,OFFICIAL,住建部、发改委《关于加强公共供水管网漏损控制的通知》：到 2025 年全国城市公共供水管网漏损率力争控制在 9% 以内,文件名在两处转述中不一致（另一处记作《关于进一步加强水资源节约集约利用的意见》2023-09），9% 目标本身两来源一致；文件名待核定,仅配水干管一段的漏损，对应 CJJ92 管网漏损的直接含义
模型-D-HA,综合漏损率_pct,输配全链(SC1+TM1+DM1 串联),13.32,CJJ92-2016 评定标准 一级,2018,10.0,10.0,超标（>限值）,3.32,OFFICIAL,《城镇供水管网漏损控制及评定标准》CJJ 92-2016（住建部 2018-12-27 局部修订）5.1.2：漏损率应按两级评定，一级为 10%、二级为 12%,2018 局部修订已废止原修正条款，评定标准即 10/12 两档；转引自四川省发改委答复(2022-10-31)与国标电子书库原文,从水源到用户的全程漏损，口径最宽
模型-D-HA,综合漏损率_pct,输配全链(SC1+TM1+DM1 串联),13.32,CJJ92-2016 评定标准 二级,2018,12.0,12.0,超标（>限值）,1.32,OFFICIAL,同上，二级为 12%,同上,从水源到用户的全程漏损，口径最宽
模型-D-HA,综合漏损率_pct,输配全链(SC1+TM1+DM1 串联),13.32,全国实际水平(2023 年鉴口径),2023,12.76,12.76,高于参考,0.56,GREY,《2023 年城乡建设统计年鉴》：城市供水总量约 650.61 亿 m³、漏损水量约 82.99 亿 m³，漏损率约 12.76%,转引自期刊论文《基于卷积神经网络支持向量机的城市供水管网漏损检测》；正式引用前必须回溯年鉴原文核对,从水源到用户的全程漏损，口径最宽
模型-D-HA,综合漏损率_pct,输配全链(SC1+TM1+DM1 串联),13.32,政策目标 2025,2022,9.0,9.0,超标（>限值）,4.32,OFFICIAL,住建部、发改委《关于加强公共供水管网漏损控制的通知》：到 2025 年全国城市公共供水管网漏损率力争控制在 9% 以内,文件名在两处转述中不一致（另一处记作《关于进一步加强水资源节约集约利用的意见》2023-09），9% 目标本身两来源一致；文件名待核定,从水源到用户的全程漏损，口径最宽
模型-D-HA,综合漏损率_pct,系统口径(漏损/(漏损+供水)),11.81,CJJ92-2016 评定标准 一级,2018,10.0,10.0,超标（>限值）,1.81,OFFICIAL,《城镇供水管网漏损控制及评定标准》CJJ 92-2016（住建部 2018-12-27 局部修订）5.1.2：漏损率应按两级评定，一级为 10%、二级为 12%,2018 局部修订已废止原修正条款，评定标准即 10/12 两档；转引自四川省发改委答复(2022-10-31)与国标电子书库原文,与年鉴口径(漏损水量/供水总量)最接近
模型-D-HA,综合漏损率_pct,系统口径(漏损/(漏损+供水)),11.81,CJJ92-2016 评定标准 二级,2018,12.0,12.0,达标（≤限值）,-0.19,OFFICIAL,同上，二级为 12%,同上,与年鉴口径(漏损水量/供水总量)最接近
模型-D-HA,综合漏损率_pct,系统口径(漏损/(漏损+供水)),11.81,全国实际水平(2023 年鉴口径),2023,12.76,12.76,低于参考,-0.95,GREY,《2023 年城乡建设统计年鉴》：城市供水总量约 650.61 亿 m³、漏损水量约 82.99 亿 m³，漏损率约 12.76%,转引自期刊论文《基于卷积神经网络支持向量机的城市供水管网漏损检测》；正式引用前必须回溯年鉴原文核对,与年鉴口径(漏损水量/供水总量)最接近
模型-D-HA,综合漏损率_pct,系统口径(漏损/(漏损+供水)),11.81,政策目标 2025,2022,9.0,9.0,超标（>限值）,2.81,OFFICIAL,住建部、发改委《关于加强公共供水管网漏损控制的通知》：到 2025 年全国城市公共供水管网漏损率力争控制在 9% 以内,文件名在两处转述中不一致（另一处记作《关于进一步加强水资源节约集约利用的意见》2023-09），9% 目标本身两来源一致；文件名待核定,与年鉴口径(漏损水量/供水总量)最接近
模型-D-HA,人均综合生活用水_L_per_cap_d,居民生活(domestic) 平均日,163.53,GB50013-2018 平均日 Ⅱ型大城市 一区,2018,140.0,300.0,在区间内,0.0,OFFICIAL,GB 50013-2018 表 4.0.3-4 平均日综合生活用水定额：Ⅱ型大城市 一区 140~300,与模型输出的日均口径一致,仅居民生活，不含公共建筑，应低于 GB50013 综合生活定额
模型-D-HA,人均综合生活用水_L_per_cap_d,居民生活(domestic) 平均日,163.53,GB50013-2018 平均日 Ⅱ型大城市 二区,2018,90.0,170.0,在区间内,0.0,OFFICIAL,GB 50013-2018 表 4.0.3-4：Ⅱ型大城市 二区 90~170,同上,仅居民生活，不含公共建筑，应低于 GB50013 综合生活定额
模型-D-HA,人均综合生活用水_L_per_cap_d,居民生活(domestic) 最高日,185.72,GB50013-2018 最高日 Ⅱ型大城市 一区,2018,220.0,400.0,在区间外,34.28,OFFICIAL,《室外给水设计标准》GB 50013-2018 表 4.0.3-3 最高日综合生活用水定额 [L/(人·d)]：Ⅱ型大城市 一区 220~400,Ⅱ型大城市 = 城区常住人口 100 万以上 300 万以下；模型人口 100 万，取下界,730 天内单日最大值，对应 GB50013 最高日定额
模型-D-HA,人均综合生活用水_L_per_cap_d,居民生活(domestic) 最高日,185.72,GB50013-2018 最高日 Ⅱ型大城市 二区,2018,150.0,260.0,在区间内,0.0,OFFICIAL,GB 50013-2018 表 4.0.3-3：Ⅱ型大城市 二区 150~260,二区含北京、天津、河北、山东、河南、陕西等；模型未声明分区,730 天内单日最大值，对应 GB50013 最高日定额
模型-D-HA,人均综合生活用水_L_per_cap_d,居民生活+市政杂用(综合生活代理) 平均日,183.23,GB50013-2018 平均日 Ⅱ型大城市 一区,2018,140.0,300.0,在区间内,0.0,OFFICIAL,GB 50013-2018 表 4.0.3-4 平均日综合生活用水定额：Ⅱ型大城市 一区 140~300,与模型输出的日均口径一致,用作 GB50013『综合生活』的代理口径
模型-D-HA,人均综合生活用水_L_per_cap_d,居民生活+市政杂用(综合生活代理) 平均日,183.23,GB50013-2018 平均日 Ⅱ型大城市 二区,2018,90.0,170.0,在区间外,13.23,OFFICIAL,GB 50013-2018 表 4.0.3-4：Ⅱ型大城市 二区 90~170,同上,用作 GB50013『综合生活』的代理口径
模型-D-HA,人均综合生活用水_L_per_cap_d,居民生活+市政杂用(综合生活代理) 最高日,209.91,GB50013-2018 最高日 Ⅱ型大城市 一区,2018,220.0,400.0,在区间外,10.09,OFFICIAL,《室外给水设计标准》GB 50013-2018 表 4.0.3-3 最高日综合生活用水定额 [L/(人·d)]：Ⅱ型大城市 一区 220~400,Ⅱ型大城市 = 城区常住人口 100 万以上 300 万以下；模型人口 100 万，取下界,同上，最高日
模型-D-HA,人均综合生活用水_L_per_cap_d,居民生活+市政杂用(综合生活代理) 最高日,209.91,GB50013-2018 最高日 Ⅱ型大城市 二区,2018,150.0,260.0,在区间内,0.0,OFFICIAL,GB 50013-2018 表 4.0.3-3：Ⅱ型大城市 二区 150~260,二区含北京、天津、河北、山东、河南、陕西等；模型未声明分区,同上，最高日
模型-D-HA,再生水利用率_pct,政策口径(再生水/污水处理量),16.04,十四五目标 地级及以上缺水城市,2021,25.0,25.0,未达标（<目标）,-8.96,OFFICIAL,《十四五城镇污水处理及资源化利用发展规划》(发改环资〔2021〕827 号)：到 2025 年全国地级及以上缺水城市再生水利用率达到 25% 以上,口径 = 再生水利用量 / 污水处理量；与模型的『再生水替代率』分母不同，见口径警示表,分母为污水处理量，与发改环资〔2021〕827号一致
模型-D-HA,再生水利用率_pct,政策口径(再生水/污水处理量),16.04,十四五基准年水平,2021,20.0,20.0,低于参考,-3.96,OFFICIAL,国家发改委《十四五规划纲要》章节指标解读：我国地级及以上缺水城市污水资源化利用率为 20% 左右,2020 前后水平，用于判断模型值是否合理,分母为污水处理量，与发改环资〔2021〕827号一致
模型-D-HA,再生水利用率_pct,政策口径(再生水/污水处理量),16.04,京津冀目标,2021,35.0,35.0,未达标（<目标）,-18.96,OFFICIAL,发改环资〔2021〕827 号：京津冀地区达到 35% 以上,缺水程度更高的分区目标,分母为污水处理量，与发改环资〔2021〕827号一致
模型-D-HA,再生水利用率_pct,模型口径(再生水/总供水量),12.94,十四五目标 地级及以上缺水城市,2021,25.0,25.0,未达标（<目标）,-12.06,OFFICIAL,《十四五城镇污水处理及资源化利用发展规划》(发改环资〔2021〕827 号)：到 2025 年全国地级及以上缺水城市再生水利用率达到 25% 以上,口径 = 再生水利用量 / 污水处理量；与模型的『再生水替代率』分母不同，见口径警示表,分母为总供水量，即模型约束中的『替代率』；与上者分母不同，不可互换
模型-D-HA,再生水利用率_pct,模型口径(再生水/总供水量),12.94,十四五基准年水平,2021,20.0,20.0,低于参考,-7.06,OFFICIAL,国家发改委《十四五规划纲要》章节指标解读：我国地级及以上缺水城市污水资源化利用率为 20% 左右,2020 前后水平，用于判断模型值是否合理,分母为总供水量，即模型约束中的『替代率』；与上者分母不同，不可互换
模型-D-HA,再生水利用率_pct,模型口径(再生水/总供水量),12.94,京津冀目标,2021,35.0,35.0,未达标（<目标）,-22.06,OFFICIAL,发改环资〔2021〕827 号：京津冀地区达到 35% 以上,缺水程度更高的分区目标,分母为总供水量，即模型约束中的『替代率』；与上者分母不同，不可互换
模型-D-CO,综合漏损率_pct,配水干管(DM1),12.0,CJJ92-2016 评定标准 一级,2018,10.0,10.0,超标（>限值）,2.0,OFFICIAL,《城镇供水管网漏损控制及评定标准》CJJ 92-2016（住建部 2018-12-27 局部修订）5.1.2：漏损率应按两级评定，一级为 10%、二级为 12%,2018 局部修订已废止原修正条款，评定标准即 10/12 两档；转引自四川省发改委答复(2022-10-31)与国标电子书库原文,仅配水干管一段的漏损，对应 CJJ92 管网漏损的直接含义
模型-D-CO,综合漏损率_pct,配水干管(DM1),12.0,CJJ92-2016 评定标准 二级,2018,12.0,12.0,超标（>限值）,0.0,OFFICIAL,同上，二级为 12%,同上,仅配水干管一段的漏损，对应 CJJ92 管网漏损的直接含义
模型-D-CO,综合漏损率_pct,配水干管(DM1),12.0,全国实际水平(2023 年鉴口径),2023,12.76,12.76,低于参考,-0.76,GREY,《2023 年城乡建设统计年鉴》：城市供水总量约 650.61 亿 m³、漏损水量约 82.99 亿 m³，漏损率约 12.76%,转引自期刊论文《基于卷积神经网络支持向量机的城市供水管网漏损检测》；正式引用前必须回溯年鉴原文核对,仅配水干管一段的漏损，对应 CJJ92 管网漏损的直接含义
模型-D-CO,综合漏损率_pct,配水干管(DM1),12.0,政策目标 2025,2022,9.0,9.0,超标（>限值）,3.0,OFFICIAL,住建部、发改委《关于加强公共供水管网漏损控制的通知》：到 2025 年全国城市公共供水管网漏损率力争控制在 9% 以内,文件名在两处转述中不一致（另一处记作《关于进一步加强水资源节约集约利用的意见》2023-09），9% 目标本身两来源一致；文件名待核定,仅配水干管一段的漏损，对应 CJJ92 管网漏损的直接含义
模型-D-CO,综合漏损率_pct,输配全链(SC1+TM1+DM1 串联),13.32,CJJ92-2016 评定标准 一级,2018,10.0,10.0,超标（>限值）,3.32,OFFICIAL,《城镇供水管网漏损控制及评定标准》CJJ 92-2016（住建部 2018-12-27 局部修订）5.1.2：漏损率应按两级评定，一级为 10%、二级为 12%,2018 局部修订已废止原修正条款，评定标准即 10/12 两档；转引自四川省发改委答复(2022-10-31)与国标电子书库原文,从水源到用户的全程漏损，口径最宽
模型-D-CO,综合漏损率_pct,输配全链(SC1+TM1+DM1 串联),13.32,CJJ92-2016 评定标准 二级,2018,12.0,12.0,超标（>限值）,1.32,OFFICIAL,同上，二级为 12%,同上,从水源到用户的全程漏损，口径最宽
模型-D-CO,综合漏损率_pct,输配全链(SC1+TM1+DM1 串联),13.32,全国实际水平(2023 年鉴口径),2023,12.76,12.76,高于参考,0.56,GREY,《2023 年城乡建设统计年鉴》：城市供水总量约 650.61 亿 m³、漏损水量约 82.99 亿 m³，漏损率约 12.76%,转引自期刊论文《基于卷积神经网络支持向量机的城市供水管网漏损检测》；正式引用前必须回溯年鉴原文核对,从水源到用户的全程漏损，口径最宽
模型-D-CO,综合漏损率_pct,输配全链(SC1+TM1+DM1 串联),13.32,政策目标 2025,2022,9.0,9.0,超标（>限值）,4.32,OFFICIAL,住建部、发改委《关于加强公共供水管网漏损控制的通知》：到 2025 年全国城市公共供水管网漏损率力争控制在 9% 以内,文件名在两处转述中不一致（另一处记作《关于进一步加强水资源节约集约利用的意见》2023-09），9% 目标本身两来源一致；文件名待核定,从水源到用户的全程漏损，口径最宽
模型-D-CO,综合漏损率_pct,系统口径(漏损/(漏损+供水)),11.9,CJJ92-2016 评定标准 一级,2018,10.0,10.0,超标（>限值）,1.9,OFFICIAL,《城镇供水管网漏损控制及评定标准》CJJ 92-2016（住建部 2018-12-27 局部修订）5.1.2：漏损率应按两级评定，一级为 10%、二级为 12%,2018 局部修订已废止原修正条款，评定标准即 10/12 两档；转引自四川省发改委答复(2022-10-31)与国标电子书库原文,与年鉴口径(漏损水量/供水总量)最接近
模型-D-CO,综合漏损率_pct,系统口径(漏损/(漏损+供水)),11.9,CJJ92-2016 评定标准 二级,2018,12.0,12.0,达标（≤限值）,-0.1,OFFICIAL,同上，二级为 12%,同上,与年鉴口径(漏损水量/供水总量)最接近
模型-D-CO,综合漏损率_pct,系统口径(漏损/(漏损+供水)),11.9,全国实际水平(2023 年鉴口径),2023,12.76,12.76,低于参考,-0.86,GREY,《2023 年城乡建设统计年鉴》：城市供水总量约 650.61 亿 m³、漏损水量约 82.99 亿 m³，漏损率约 12.76%,转引自期刊论文《基于卷积神经网络支持向量机的城市供水管网漏损检测》；正式引用前必须回溯年鉴原文核对,与年鉴口径(漏损水量/供水总量)最接近
模型-D-CO,综合漏损率_pct,系统口径(漏损/(漏损+供水)),11.9,政策目标 2025,2022,9.0,9.0,超标（>限值）,2.9,OFFICIAL,住建部、发改委《关于加强公共供水管网漏损控制的通知》：到 2025 年全国城市公共供水管网漏损率力争控制在 9% 以内,文件名在两处转述中不一致（另一处记作《关于进一步加强水资源节约集约利用的意见》2023-09），9% 目标本身两来源一致；文件名待核定,与年鉴口径(漏损水量/供水总量)最接近
模型-D-CO,人均综合生活用水_L_per_cap_d,居民生活(domestic) 平均日,159.1,GB50013-2018 平均日 Ⅱ型大城市 一区,2018,140.0,300.0,在区间内,0.0,OFFICIAL,GB 50013-2018 表 4.0.3-4 平均日综合生活用水定额：Ⅱ型大城市 一区 140~300,与模型输出的日均口径一致,仅居民生活，不含公共建筑，应低于 GB50013 综合生活定额
模型-D-CO,人均综合生活用水_L_per_cap_d,居民生活(domestic) 平均日,159.1,GB50013-2018 平均日 Ⅱ型大城市 二区,2018,90.0,170.0,在区间内,0.0,OFFICIAL,GB 50013-2018 表 4.0.3-4：Ⅱ型大城市 二区 90~170,同上,仅居民生活，不含公共建筑，应低于 GB50013 综合生活定额
模型-D-CO,人均综合生活用水_L_per_cap_d,居民生活(domestic) 最高日,178.91,GB50013-2018 最高日 Ⅱ型大城市 一区,2018,220.0,400.0,在区间外,41.09,OFFICIAL,《室外给水设计标准》GB 50013-2018 表 4.0.3-3 最高日综合生活用水定额 [L/(人·d)]：Ⅱ型大城市 一区 220~400,Ⅱ型大城市 = 城区常住人口 100 万以上 300 万以下；模型人口 100 万，取下界,730 天内单日最大值，对应 GB50013 最高日定额
模型-D-CO,人均综合生活用水_L_per_cap_d,居民生活(domestic) 最高日,178.91,GB50013-2018 最高日 Ⅱ型大城市 二区,2018,150.0,260.0,在区间内,0.0,OFFICIAL,GB 50013-2018 表 4.0.3-3：Ⅱ型大城市 二区 150~260,二区含北京、天津、河北、山东、河南、陕西等；模型未声明分区,730 天内单日最大值，对应 GB50013 最高日定额
模型-D-CO,人均综合生活用水_L_per_cap_d,居民生活+市政杂用(综合生活代理) 平均日,177.91,GB50013-2018 平均日 Ⅱ型大城市 一区,2018,140.0,300.0,在区间内,0.0,OFFICIAL,GB 50013-2018 表 4.0.3-4 平均日综合生活用水定额：Ⅱ型大城市 一区 140~300,与模型输出的日均口径一致,用作 GB50013『综合生活』的代理口径
模型-D-CO,人均综合生活用水_L_per_cap_d,居民生活+市政杂用(综合生活代理) 平均日,177.91,GB50013-2018 平均日 Ⅱ型大城市 二区,2018,90.0,170.0,在区间外,7.91,OFFICIAL,GB 50013-2018 表 4.0.3-4：Ⅱ型大城市 二区 90~170,同上,用作 GB50013『综合生活』的代理口径
模型-D-CO,人均综合生活用水_L_per_cap_d,居民生活+市政杂用(综合生活代理) 最高日,201.72,GB50013-2018 最高日 Ⅱ型大城市 一区,2018,220.0,400.0,在区间外,18.28,OFFICIAL,《室外给水设计标准》GB 50013-2018 表 4.0.3-3 最高日综合生活用水定额 [L/(人·d)]：Ⅱ型大城市 一区 220~400,Ⅱ型大城市 = 城区常住人口 100 万以上 300 万以下；模型人口 100 万，取下界,同上，最高日
模型-D-CO,人均综合生活用水_L_per_cap_d,居民生活+市政杂用(综合生活代理) 最高日,201.72,GB50013-2018 最高日 Ⅱ型大城市 二区,2018,150.0,260.0,在区间内,0.0,OFFICIAL,GB 50013-2018 表 4.0.3-3：Ⅱ型大城市 二区 150~260,二区含北京、天津、河北、山东、河南、陕西等；模型未声明分区,同上，最高日
模型-D-CO,再生水利用率_pct,政策口径(再生水/污水处理量),15.04,十四五目标 地级及以上缺水城市,2021,25.0,25.0,未达标（<目标）,-9.96,OFFICIAL,《十四五城镇污水处理及资源化利用发展规划》(发改环资〔2021〕827 号)：到 2025 年全国地级及以上缺水城市再生水利用率达到 25% 以上,口径 = 再生水利用量 / 污水处理量；与模型的『再生水替代率』分母不同，见口径警示表,分母为污水处理量，与发改环资〔2021〕827号一致
模型-D-CO,再生水利用率_pct,政策口径(再生水/污水处理量),15.04,十四五基准年水平,2021,20.0,20.0,低于参考,-4.96,OFFICIAL,国家发改委《十四五规划纲要》章节指标解读：我国地级及以上缺水城市污水资源化利用率为 20% 左右,2020 前后水平，用于判断模型值是否合理,分母为污水处理量，与发改环资〔2021〕827号一致
模型-D-CO,再生水利用率_pct,政策口径(再生水/污水处理量),15.04,京津冀目标,2021,35.0,35.0,未达标（<目标）,-19.96,OFFICIAL,发改环资〔2021〕827 号：京津冀地区达到 35% 以上,缺水程度更高的分区目标,分母为污水处理量，与发改环资〔2021〕827号一致
模型-D-CO,再生水利用率_pct,模型口径(再生水/总供水量),12.19,十四五目标 地级及以上缺水城市,2021,25.0,25.0,未达标（<目标）,-12.81,OFFICIAL,《十四五城镇污水处理及资源化利用发展规划》(发改环资〔2021〕827 号)：到 2025 年全国地级及以上缺水城市再生水利用率达到 25% 以上,口径 = 再生水利用量 / 污水处理量；与模型的『再生水替代率』分母不同，见口径警示表,分母为总供水量，即模型约束中的『替代率』；与上者分母不同，不可互换
模型-D-CO,再生水利用率_pct,模型口径(再生水/总供水量),12.19,十四五基准年水平,2021,20.0,20.0,低于参考,-7.81,OFFICIAL,国家发改委《十四五规划纲要》章节指标解读：我国地级及以上缺水城市污水资源化利用率为 20% 左右,2020 前后水平，用于判断模型值是否合理,分母为总供水量，即模型约束中的『替代率』；与上者分母不同，不可互换
模型-D-CO,再生水利用率_pct,模型口径(再生水/总供水量),12.19,京津冀目标,2021,35.0,35.0,未达标（<目标）,-22.81,OFFICIAL,发改环资〔2021〕827 号：京津冀地区达到 35% 以上,缺水程度更高的分区目标,分母为总供水量，即模型约束中的『替代率』；与上者分母不同，不可互换
