指标,对标主体,值_低,值_高,来源性质,年份,来源说明,口径与风险备注,比较方式,对标口径
综合漏损率_pct,CJJ92-2016 评定标准 一级,10.0,10.0,OFFICIAL,2018,《城镇供水管网漏损控制及评定标准》CJJ 92-2016（住建部 2018-12-27 局部修订）5.1.2：漏损率应按两级评定，一级为 10%、二级为 12%,2018 局部修订已废止原修正条款，评定标准即 10/12 两档；转引自四川省发改委答复(2022-10-31)与国标电子书库原文,上限,任意
综合漏损率_pct,CJJ92-2016 评定标准 二级,12.0,12.0,OFFICIAL,2018,同上，二级为 12%,同上,上限,任意
综合漏损率_pct,全国实际水平(2023 年鉴口径),12.76,12.76,GREY,2023,《2023 年城乡建设统计年鉴》：城市供水总量约 650.61 亿 m³、漏损水量约 82.99 亿 m³，漏损率约 12.76%,转引自期刊论文《基于卷积神经网络支持向量机的城市供水管网漏损检测》；正式引用前必须回溯年鉴原文核对,参考点,任意
综合漏损率_pct,政策目标 2025,9.0,9.0,OFFICIAL,2022,住建部、发改委《关于加强公共供水管网漏损控制的通知》：到 2025 年全国城市公共供水管网漏损率力争控制在 9% 以内,文件名在两处转述中不一致（另一处记作《关于进一步加强水资源节约集约利用的意见》2023-09），9% 目标本身两来源一致；文件名待核定,上限,任意
人均综合生活用水_L_per_cap_d,GB50013-2018 最高日 Ⅱ型大城市 一区,220.0,400.0,OFFICIAL,2018,《室外给水设计标准》GB 50013-2018 表 4.0.3-3 最高日综合生活用水定额 [L/(人·d)]：Ⅱ型大城市 一区 220~400,Ⅱ型大城市 = 城区常住人口 100 万以上 300 万以下；模型人口 100 万，取下界,区间,最高日
人均综合生活用水_L_per_cap_d,GB50013-2018 最高日 Ⅱ型大城市 二区,150.0,260.0,OFFICIAL,2018,GB 50013-2018 表 4.0.3-3：Ⅱ型大城市 二区 150~260,二区含北京、天津、河北、山东、河南、陕西等；模型未声明分区,区间,最高日
人均综合生活用水_L_per_cap_d,GB50013-2018 平均日 Ⅱ型大城市 一区,140.0,300.0,OFFICIAL,2018,GB 50013-2018 表 4.0.3-4 平均日综合生活用水定额：Ⅱ型大城市 一区 140~300,与模型输出的日均口径一致,区间,平均日
人均综合生活用水_L_per_cap_d,GB50013-2018 平均日 Ⅱ型大城市 二区,90.0,170.0,OFFICIAL,2018,GB 50013-2018 表 4.0.3-4：Ⅱ型大城市 二区 90~170,同上,区间,平均日
再生水利用率_pct,十四五目标 地级及以上缺水城市,25.0,25.0,OFFICIAL,2021,《十四五城镇污水处理及资源化利用发展规划》(发改环资〔2021〕827 号)：到 2025 年全国地级及以上缺水城市再生水利用率达到 25% 以上,口径 = 再生水利用量 / 污水处理量；与模型的『再生水替代率』分母不同，见口径警示表,下限,任意
再生水利用率_pct,十四五基准年水平,20.0,20.0,OFFICIAL,2021,国家发改委《十四五规划纲要》章节指标解读：我国地级及以上缺水城市污水资源化利用率为 20% 左右,2020 前后水平，用于判断模型值是否合理,参考点,任意
再生水利用率_pct,京津冀目标,35.0,35.0,OFFICIAL,2021,发改环资〔2021〕827 号：京津冀地区达到 35% 以上,缺水程度更高的分区目标,下限,任意
