source_document,facility_id,year,electricity_mwh,water_withdrawal_ml,scope
Meta_2025_Environmental_Data_Index,Altoona_IA,2020,980000,151,data_center
Meta_2025_Environmental_Data_Index,Altoona_IA,2021,950705,140,data_center
Meta_2025_Environmental_Data_Index,Altoona_IA,2022,1043606,199,data_center
Meta_2025_Environmental_Data_Index,Altoona_IA,2023,1243306,173,data_center
Meta_2025_Environmental_Data_Index,Altoona_IA,2024,1585392,242,data_center
Meta_2025_Environmental_Data_Index,Clonee_Ireland,2020,487000,615,data_center
Meta_2025_Environmental_Data_Index,Clonee_Ireland,2021,634648,928,data_center
Meta_2025_Environmental_Data_Index,Clonee_Ireland,2022,668290,839,data_center
Meta_2025_Environmental_Data_Index,Clonee_Ireland,2023,953837,659,data_center
Meta_2025_Environmental_Data_Index,Clonee_Ireland,2024,1076961,571,data_center
Meta_2025_Environmental_Data_Index,DeKalb_IL,2020,,,data_center
Meta_2025_Environmental_Data_Index,DeKalb_IL,2021,4724,0,data_center
Meta_2025_Environmental_Data_Index,DeKalb_IL,2022,16934,30,data_center
Meta_2025_Environmental_Data_Index,DeKalb_IL,2023,138965,55,data_center
Meta_2025_Environmental_Data_Index,DeKalb_IL,2024,372339,105,data_center
Meta_2025_Environmental_Data_Index,Eagle_Mountain_UT,2020,,,data_center
Meta_2025_Environmental_Data_Index,Eagle_Mountain_UT,2021,229946,58,data_center
Meta_2025_Environmental_Data_Index,Eagle_Mountain_UT,2022,504049,89,data_center
Meta_2025_Environmental_Data_Index,Eagle_Mountain_UT,2023,787740,87,data_center
Meta_2025_Environmental_Data_Index,Eagle_Mountain_UT,2024,1115619,133,data_center
Meta_2025_Environmental_Data_Index,Forest_City_NC,2020,595000,68,data_center
Meta_2025_Environmental_Data_Index,Forest_City_NC,2021,580842,64,data_center
Meta_2025_Environmental_Data_Index,Forest_City_NC,2022,492786,63,data_center
Meta_2025_Environmental_Data_Index,Forest_City_NC,2023,507068,55,data_center
Meta_2025_Environmental_Data_Index,Forest_City_NC,2024,535555,16,data_center
Meta_2025_Environmental_Data_Index,Fort_Worth_TX,2020,941000,300,data_center
Meta_2025_Environmental_Data_Index,Fort_Worth_TX,2021,1014447,254,data_center
Meta_2025_Environmental_Data_Index,Fort_Worth_TX,2022,959419,346,data_center
Meta_2025_Environmental_Data_Index,Fort_Worth_TX,2023,1029570,404,data_center
Meta_2025_Environmental_Data_Index,Fort_Worth_TX,2024,1109004,311,data_center
Meta_2025_Environmental_Data_Index,Gallatin_TN,2020,,,data_center
Meta_2025_Environmental_Data_Index,Gallatin_TN,2021,0,0,data_center
Meta_2025_Environmental_Data_Index,Gallatin_TN,2022,6264,0,data_center
Meta_2025_Environmental_Data_Index,Gallatin_TN,2023,116520,3,data_center
Meta_2025_Environmental_Data_Index,Gallatin_TN,2024,359730,205,data_center
Meta_2025_Environmental_Data_Index,Henrico_VA,2020,204000,42,data_center
Meta_2025_Environmental_Data_Index,Henrico_VA,2021,515270,80,data_center
Meta_2025_Environmental_Data_Index,Henrico_VA,2022,701003,55,data_center
Meta_2025_Environmental_Data_Index,Henrico_VA,2023,805061,42,data_center
Meta_2025_Environmental_Data_Index,Henrico_VA,2024,948859,92,data_center
Meta_2025_Environmental_Data_Index,Huntsville_AL,2020,,,data_center
Meta_2025_Environmental_Data_Index,Huntsville_AL,2021,85286,39,data_center
Meta_2025_Environmental_Data_Index,Huntsville_AL,2022,368841,104,data_center
Meta_2025_Environmental_Data_Index,Huntsville_AL,2023,614198,152,data_center
Meta_2025_Environmental_Data_Index,Huntsville_AL,2024,865803,209,data_center
Meta_2025_Environmental_Data_Index,Kansas_City_MO,2020,,,data_center
Meta_2025_Environmental_Data_Index,Kansas_City_MO,2021,,,data_center
Meta_2025_Environmental_Data_Index,Kansas_City_MO,2022,,,data_center
Meta_2025_Environmental_Data_Index,Kansas_City_MO,2023,,,data_center
Meta_2025_Environmental_Data_Index,Kansas_City_MO,2024,22963,41,data_center
Meta_2025_Environmental_Data_Index,Los_Lunas_NM,2020,571000,140,data_center
Meta_2025_Environmental_Data_Index,Los_Lunas_NM,2021,717932,153,data_center
Meta_2025_Environmental_Data_Index,Los_Lunas_NM,2022,929488,161,data_center
Meta_2025_Environmental_Data_Index,Los_Lunas_NM,2023,1110100,283,data_center
Meta_2025_Environmental_Data_Index,Los_Lunas_NM,2024,1143067,252,data_center
Meta_2025_Environmental_Data_Index,Lulea_Sweden,2020,369000,49,data_center
Meta_2025_Environmental_Data_Index,Lulea_Sweden,2021,306054,39,data_center
Meta_2025_Environmental_Data_Index,Lulea_Sweden,2022,267471,25,data_center
Meta_2025_Environmental_Data_Index,Lulea_Sweden,2023,351931,50,data_center
Meta_2025_Environmental_Data_Index,Lulea_Sweden,2024,468809,29,data_center
Meta_2025_Environmental_Data_Index,Mesa_AZ,2020,,,data_center
Meta_2025_Environmental_Data_Index,Mesa_AZ,2021,,,data_center
Meta_2025_Environmental_Data_Index,Mesa_AZ,2022,,,data_center
Meta_2025_Environmental_Data_Index,Mesa_AZ,2023,,,data_center
Meta_2025_Environmental_Data_Index,Mesa_AZ,2024,24657,57,data_center
Meta_2025_Environmental_Data_Index,New_Albany_OH,2020,270000,35,data_center
Meta_2025_Environmental_Data_Index,New_Albany_OH,2021,511414,121,data_center
Meta_2025_Environmental_Data_Index,New_Albany_OH,2022,702694,87,data_center
Meta_2025_Environmental_Data_Index,New_Albany_OH,2023,793063,72,data_center
Meta_2025_Environmental_Data_Index,New_Albany_OH,2024,521217,86,data_center
Meta_2025_Environmental_Data_Index,Odense_Denmark,2020,343000,360,data_center
Meta_2025_Environmental_Data_Index,Odense_Denmark,2021,500863,373,data_center
Meta_2025_Environmental_Data_Index,Odense_Denmark,2022,517718,428,data_center
Meta_2025_Environmental_Data_Index,Odense_Denmark,2023,518005,371,data_center
Meta_2025_Environmental_Data_Index,Odense_Denmark,2024,569374,292,data_center
Meta_2025_Environmental_Data_Index,Prineville_OR,2020,686000,445,data_center
Meta_2025_Environmental_Data_Index,Prineville_OR,2021,898409,354,data_center
Meta_2025_Environmental_Data_Index,Prineville_OR,2022,982177,240,data_center
Meta_2025_Environmental_Data_Index,Prineville_OR,2023,1375321,180,data_center
Meta_2025_Environmental_Data_Index,Prineville_OR,2024,1728291,328,data_center
Meta_2025_Environmental_Data_Index,Sarpy_NE,2020,519000,108,data_center
Meta_2025_Environmental_Data_Index,Sarpy_NE,2021,736810,106,data_center
Meta_2025_Environmental_Data_Index,Sarpy_NE,2022,1007635,101,data_center
Meta_2025_Environmental_Data_Index,Sarpy_NE,2023,1148091,123,data_center
Meta_2025_Environmental_Data_Index,Sarpy_NE,2024,1258239,142,data_center
Meta_2025_Environmental_Data_Index,Stanton_Springs_GA,2020,,,data_center
Meta_2025_Environmental_Data_Index,Stanton_Springs_GA,2021,215279,105,data_center
Meta_2025_Environmental_Data_Index,Stanton_Springs_GA,2022,636266,77,data_center
Meta_2025_Environmental_Data_Index,Stanton_Springs_GA,2023,968565,61,data_center
Meta_2025_Environmental_Data_Index,Stanton_Springs_GA,2024,1184380,146,data_center


