sample_id,site_id,date,pH,temperature_c,tds_mg_l,Ca_mg_l,Mg_mg_l,Na_mg_l,Cl_mg_l,SO4_mg_l,alkalinity_mg_l_as_CaCO3,Si_mg_l,source_provenance,observed_flag
nwisok.01.01800084,USGS-07241550,2018-01-08,8.0,6.4,624,70.4,28.1,96.9,112,119,210,9.22,Water Quality Portal / USGS activity record,true
nwisok.01.01800103,USGS-07241550,2018-02-06,7.8,1.6,605,66.9,28.5,100,122,113,197,6.55,Water Quality Portal / USGS activity record,true
nwisok.01.01800106,USGS-07241550,2018-02-08,8.1,7.4,563,60.5,24.8,92.1,110,102,173,6.74,Water Quality Portal / USGS activity record,true
nwisok.01.01800166,USGS-07241550,2018-03-05,8.1,13.7,541,59.6,23.6,85.7,107,92.2,176,7.33,Water Quality Portal / USGS activity record,true
nwisok.01.01800213,USGS-07241550,2018-04-09,7.9,11.6,537,59.8,26.2,92.9,106,88.3,186,8.46,Water Quality Portal / USGS activity record,true
nwisok.01.01800244,USGS-07241550,2018-05-01,8.8,22.5,564,61.7,28.3,96.6,120,109,183,6.29,Water Quality Portal / USGS activity record,true
nwisok.01.01800257,USGS-07241550,2018-05-08,8.1,24.2,455,54.2,21.9,72.3,81.7,89.4,170,9.18,Water Quality Portal / USGS activity record,true
nwisok.01.01800279,USGS-07241550,2018-05-14,8.3,25.0,481,58.0,21.7,81.9,101,83.4,173,8.95,Water Quality Portal / USGS activity record,true
nwisok.01.01800299,USGS-07241550,2018-05-31,9.0,27.7,483,57.3,21.7,81.2,93.5,87.5,172,2.48,Water Quality Portal / USGS activity record,true
nwisok.01.01800300,USGS-07241550,2018-06-04,8.8,25.5,486,58.5,22.5,79.2,94.0,77.9,187,5.20,Water Quality Portal / USGS activity record,true
nwisok.01.01800334,USGS-07241550,2018-06-20,8.8,26.5,458,52.4,19.3,81.1,93.2,79.8,158,3.29,Water Quality Portal / USGS activity record,true
nwisok.01.01800372,USGS-07241550,2018-06-28,8.0,28.7,296,42.6,12.9,42.4,46.6,50.5,131,9.38,Water Quality Portal / USGS activity record,true
nwisok.01.01800384,USGS-07241550,2018-07-09,8.2,27.6,547,58.1,21.4,96.4,132,78.5,176,9.10,Water Quality Portal / USGS activity record,true
nwisok.01.01800406,USGS-07241550,2018-07-23,8.8,30.1,534,58.8,20.1,89.0,108,90.2,179,11.0,Water Quality Portal / USGS activity record,true
nwisok.01.01800457,USGS-07241550,2018-08-06,8.6,27.7,553,61.4,20.9,90.4,117,91.2,171,9.17,Water Quality Portal / USGS activity record,true
nwisok.01.01800466,USGS-07241550,2018-08-08,8.3,27.5,558,59.4,21.1,91.8,118,90.2,155,8.08,Water Quality Portal / USGS activity record,true
nwisok.01.01800501,USGS-07241550,2018-08-23,8.2,25.9,474,57.8,18.3,71.5,92.9,72.0,162,11.8,Water Quality Portal / USGS activity record,true
nwisok.01.01800511,USGS-07241550,2018-09-05,7.9,25.6,179,27.1,6.28,22.9,31.1,20.6,79.5,7.13,Water Quality Portal / USGS activity record,true
nwisok.01.01900001,USGS-07241550,2018-10-04,8.1,24.3,501,60.4,19.9,72.5,91.7,87.8,182,11.9,Water Quality Portal / USGS activity record,true
nwisok.01.01900037,USGS-07241550,2018-11-07,8.2,14.3,1040,109,50.5,141,182,348,178,22.0,Water Quality Portal / USGS activity record,true
nwisok.01.01900049,USGS-07241550,2018-11-14,8.1,6.9,1040,108,48.0,146,209,340,181,18.8,Water Quality Portal / USGS activity record,true
nwisok.01.01900092,USGS-07241550,2018-12-20,8.1,8.4,755,85.8,34.0,102,125,189,198,14.3,Water Quality Portal / USGS activity record,true
nwisok.01.01900099,USGS-07241550,2019-01-31,8.0,4.4,968,112,45.3,124,159,269,268,18.0,Water Quality Portal / USGS activity record,true
nwisok.01.01900103,USGS-07241550,2019-02-04,8.1,12.3,964,113,46.2,128,163,264,275,18.0,Water Quality Portal / USGS activity record,true
nwisok.01.01900106,USGS-07241550,2019-02-06,8.2,8.1,971,113,46.0,131,167,275,268,15.2,Water Quality Portal / USGS activity record,true
nwisok.01.01900155,USGS-07241550,2019-03-21,8.1,13.1,824,100,38.9,106,122,253,227,10.7,Water Quality Portal / USGS activity record,true
nwisok.01.01900181,USGS-07241550,2019-04-16,8.0,15.8,367,49.2,19.2,47.8,52.1,86.9,137,7.70,Water Quality Portal / USGS activity record,true
nwisok.01.01900247,USGS-07241550,2019-05-09,7.4,18.3,223,36.1,11.0,24.8,26.5,53.0,98.3,8.40,Water Quality Portal / USGS activity record,true
nwisok.01.01900259,USGS-07241550,2019-05-20,7.7,20.4,420,58.6,20.1,46.4,49.4,109,150,11.6,Water Quality Portal / USGS activity record,true
nwisok.01.01900267,USGS-07241550,2019-05-28,7.7,23.4,286,46.1,12.5,24.7,23.4,69.4,122,11.9,Water Quality Portal / USGS activity record,true
nwisok.01.01900269,USGS-07241550,2019-05-30,7.7,24.0,292,49.3,12.1,20.2,19.4,78.2,119,13.2,Water Quality Portal / USGS activity record,true
nwisok.01.01900280,USGS-07241550,2019-06-04,7.9,25.5,567,88.8,26.1,57.4,54.6,146,238,17.7,Water Quality Portal / USGS activity record,true
nwisok.01.01900289,USGS-07241550,2019-06-11,7.7,23.7,358,56.1,17.2,37.8,40.1,97.2,132,11.9,Water Quality Portal / USGS activity record,true
nwisok.01.01900363,USGS-07241550,2019-07-15,8.5,30.9,866,117,42.1,104,129,270,236,15.0,Water Quality Portal / USGS activity record,true
nwisok.01.01900381,USGS-07241550,2019-07-25,8.1,28.2,880,120,42.1,111,145,275,225,16.1,Water Quality Portal / USGS activity record,true
nwisok.01.01900395,USGS-07241550,2019-08-08,8.3,29.2,863,104,41.4,108,145,272,256,16.1,Water Quality Portal / USGS activity record,true
nwisok.01.01900397,USGS-07241550,2019-08-12,8.2,30.0,769,94.8,35.5,90.0,118,224,189,15.2,Water Quality Portal / USGS activity record,true
nwisok.01.01900401,USGS-07241550,2019-08-20,8.4,30.0,848,107,40.8,108,146,271,205,17.5,Water Quality Portal / USGS activity record,true
nwisok.01.01900423,USGS-07241550,2019-09-03,8.5,29.4,720,89.0,33.9,90.3,126,223,188,15.6,Water Quality Portal / USGS activity record,true
nwisok.01.02000001,USGS-07241550,2019-10-01,8.0,26.2,537,67.2,25.2,75.5,98.7,93.7,202,14.4,Water Quality Portal / USGS activity record,true
nwisok.01.02000042,USGS-07241550,2019-11-05,7.9,13.3,507,66.3,24.1,71.4,88.2,78.2,196,13.1,Water Quality Portal / USGS activity record,true
nwisok.01.02000052,USGS-07241550,2019-11-21,8.0,15.0,690,89.2,35.3,100,115,180,230,14.0,Water Quality Portal / USGS activity record,true
nwisok.01.02000063,USGS-07241550,2019-12-03,7.8,7.2,687,86.6,34.1,89.0,113,170,244,14.2,Water Quality Portal / USGS activity record,true
nwisok.01.02000102,USGS-07241550,2020-01-15,8.0,12.3,837,106,43.2,109,137,238,240,16.2,Water Quality Portal / USGS activity record,true
nwisok.01.02000133,USGS-07241550,2020-02-04,7.7,8.3,687,89.9,34.7,91.0,99.7,202,205,13.4,Water Quality Portal / USGS activity record,true
nwisok.01.02000139,USGS-07241550,2020-02-13,7.8,6.2,762,93.6,37.1,99.8,129,195,253,15.1,Water Quality Portal / USGS activity record,true
nwisok.01.02000170,USGS-07241550,2020-03-10,8.0,12.2,796,102,41.4,107,129,208,244,12.4,Water Quality Portal / USGS activity record,true
nwisok.01.02000234,USGS-07241550,2020-04-09,8.3,19.2,848,114,43.4,109,130,238,274,14.1,Water Quality Portal / USGS activity record,true
nwisok.01.02000290,USGS-07241550,2020-05-20,8.4,23.8,707,87.4,34.0,92.2,120,182,242,7.89,Water Quality Portal / USGS activity record,true
nwisok.01.02000296,USGS-07241550,2020-05-27,8.4,22.4,497,61.6,25.7,65.5,79.2,121,184,6.32,Water Quality Portal / USGS activity record,true
nwisok.01.02000301,USGS-07241550,2020-05-28,8.1,22.2,565,69.0,28.4,73.9,91.0,135,207,7.57,Water Quality Portal / USGS activity record,true
nwisok.01.02000312,USGS-07241550,2020-06-02,8.1,25.0,618,77.0,31.3,88.0,104,126,230,10.2,Water Quality Portal / USGS activity record,true
nwisok.01.02000320,USGS-07241550,2020-06-11,8.1,20.1,693,82.0,33.6,108,149,115,253,13.0,Water Quality Portal / USGS activity record,true
nwisok.01.02000330,USGS-07241550,2020-06-16,8.8,29.5,639,72.8,31.5,97.9,123,125,229,5.31,Water Quality Portal / USGS activity record,true
nwisok.01.02000356,USGS-07241550,2020-07-13,7.9,27.0,327,41.9,17.1,43.0,47.0,69.1,132,9.27,Water Quality Portal / USGS activity record,true
nwisok.01.02000371,USGS-07241550,2020-07-23,8.4,29.5,595,66.7,25.8,108,159,79.4,192,8.80,Water Quality Portal / USGS activity record,true
nwisok.01.02000382,USGS-07241550,2020-08-11,8.3,25.7,498,60.2,22.2,59.8,73.8,102,178,13.5,Water Quality Portal / USGS activity record,true
nwisok.01.02000393,USGS-07241550,2020-08-17,8.7,28.8,508,62.6,22.7,73.6,88.8,105,169,11.1,Water Quality Portal / USGS activity record,true
nwisok.01.02000399,USGS-07241550,2020-08-19,8.5,25.4,502,61.9,21.9,74.7,100,96.3,147,11.0,Water Quality Portal / USGS activity record,true
nwisok.01.02000422,USGS-07241550,2020-09-21,8.7,24.4,455,60.4,20.5,61.7,75.6,92.1,184,9.17,Water Quality Portal / USGS activity record,true
nwisok.01.02100009,USGS-07241550,2020-10-22,8.0,19.3,610,76.8,29.8,94.2,116,114,226,11.8,Water Quality Portal / USGS activity record,true
nwisok.01.02100047,USGS-07241550,2020-11-10,7.9,16.8,539,67.3,25.8,76.0,102,92.7,210,11.6,Water Quality Portal / USGS activity record,true
nwisok.01.02100053,USGS-07241550,2020-11-19,7.9,12.3,557,63.5,25.7,76.6,107,92.5,211,9.72,Water Quality Portal / USGS activity record,true
nwisok.01.02100065,USGS-07241550,2020-12-01,7.9,7.7,563,68.4,27.4,78.9,107,98.6,212,12.2,Water Quality Portal / USGS activity record,true
nwisok.01.02100104,USGS-07241550,2021-01-27,7.8,5.2,585,69.0,29.1,74.6,96.7,166,176,10.4,Water Quality Portal / USGS activity record,true
nwisok.01.02100168,USGS-07241550,2021-03-09,8.1,14.7,625,70.4,30.4,95.2,117,122,211,7.19,Water Quality Portal / USGS activity record,true
nwisok.01.02100171,USGS-07241550,2021-03-02,7.8,11.0,658,78.7,32.1,97.5,125,136,224,12.2,Water Quality Portal / USGS activity record,true
nwisok.01.02100194,USGS-07241550,2021-02-11,8.1,0.4,767,95.7,40.1,106,121,217,234,14.1,Water Quality Portal / USGS activity record,true
nwisok.01.02100254,USGS-07241550,2021-04-08,8.0,13.7,831,92.5,40.6,115,142,195,243,10.4,Water Quality Portal / USGS activity record,true
nwisok.01.02100291,USGS-07241550,2021-05-10,8.1,17.4,771,94.1,39.5,106,130,195,247,5.57,Water Quality Portal / USGS activity record,true
nwisok.01.02100298,USGS-07241550,2021-05-18,7.8,21.6,284,39.9,14.6,38.0,43.0,55.6,120,6.64,Water Quality Portal / USGS activity record,true
nwisok.01.02100299,USGS-07241550,2021-05-06,8.3,19.9,675,85.5,34.2,90.4,109,176,235,5.49,Water Quality Portal / USGS activity record,true
nwisok.01.02100316,USGS-07241550,2021-05-26,8.1,21.8,631,79.2,32.9,87.2,105,154,221,5.66,Water Quality Portal / USGS activity record,true
nwisok.01.02100340,USGS-07241550,2021-06-03,8.1,22.3,399,55.1,21.5,53.8,58.5,92.4,164,9.03,Water Quality Portal / USGS activity record,true
nwisok.01.02100342,USGS-07241550,2021-06-17,8.2,28.9,642,78.0,34.6,92.0,98.2,187,210,7.54,Water Quality Portal / USGS activity record,true
nwisok.01.02100369,USGS-07241550,2021-07-06,8.2,27.0,433,62.6,21.6,48.4,46.5,104,181,17.2,Water Quality Portal / USGS activity record,true
nwisok.01.02100374,USGS-07241550,2021-07-13,8.2,27.3,452,63.0,21.3,51.4,59.4,88.7,214,13.2,Water Quality Portal / USGS activity record,true
nwisok.01.02100395,USGS-07241550,2021-06-24,8.9,30.6,631,79.0,31.4,90.1,105,132,249,8.72,Water Quality Portal / USGS activity record,true
nwisok.01.02100409,USGS-07241550,2021-08-09,8.1,27.3,695,79.3,33.0,88.1,123,178,208,14.0,Water Quality Portal / USGS activity record,true
nwisok.01.02100415,USGS-07241550,2021-08-04,8.5,28.7,713,85.7,34.5,100,125,192,201,15.1,Water Quality Portal / USGS activity record,true
nwisok.01.02100427,USGS-07241550,2021-08-19,8.2,25.9,606,76.5,31.5,85.2,92.2,152,217,15.5,Water Quality Portal / USGS activity record,true
nwisok.01.02100437,USGS-07241550,2021-09-01,8.3,29.3,604,72.6,28.2,89.3,117,110,232,11.6,Water Quality Portal / USGS activity record,true
nwisok.01.02200003,USGS-07241550,2021-10-12,7.8,19.2,383,48.5,19.5,49.1,50.8,85.2,154,9.41,Water Quality Portal / USGS activity record,true
nwisok.01.02200040,USGS-07241550,2021-11-08,8.0,13.2,429,53.4,18.1,59.6,77.9,57.3,189,10.7,Water Quality Portal / USGS activity record,true
nwisok.01.02200041,USGS-07241550,2021-11-17,7.8,15.6,465,59.2,21.1,69.3,86.6,63.7,195,10.3,Water Quality Portal / USGS activity record,true
nwisok.01.02200056,USGS-07241550,2021-12-06,7.7,8.6,515,61.3,23.0,74.0,89.6,75.6,196,10.2,Water Quality Portal / USGS activity record,true
nwisok.01.02200091,USGS-07241550,2022-01-11,8.0,6.6,555,68.5,27.1,77.3,101,87.3,216,10.3,Water Quality Portal / USGS activity record,true
nwisok.01.02200104,USGS-07241550,2022-02-09,8.0,7.9,571,61.9,28.1,92.2,122,90.8,191,6.26,Water Quality Portal / USGS activity record,true
nwisok.01.02200105,USGS-07241550,2022-02-10,8.0,11.0,558,61.0,27.5,93.0,117,86.0,201,7.32,Water Quality Portal / USGS activity record,true
nwisok.01.02200139,USGS-07241550,2022-03-01,7.9,9.5,537,59.1,24.2,88.0,117,83.8,186,6.84,Water Quality Portal / USGS activity record,true
nwisok.01.02200185,USGS-07241550,2022-04-06,8.2,17.3,429,53.4,21.0,61.7,74.4,66.3,174,8.90,Water Quality Portal / USGS activity record,true
nwisok.01.02200255,USGS-07241550,2022-05-11,8.2,24.9,464,58.0,20.7,63.6,70.2,76.4,151,10.5,Water Quality Portal / USGS activity record,true
nwisok.01.02200261,USGS-07241550,2022-05-18,8.1,24.0,543,70.4,25.2,80.0,85.3,74.1,204,10.8,Water Quality Portal / USGS activity record,true
nwisok.01.02200276,USGS-07241550,2022-05-26,7.8,16.7,230,32.2,10.1,25.1,24.4,42.3,110,7.56,Water Quality Portal / USGS activity record,true
nwisok.01.02200278,USGS-07241550,2022-05-31,8.4,24.6,430,58.8,19.4,58.3,69.5,71.4,187,10.2,Water Quality Portal / USGS activity record,true
nwisok.01.02200302,USGS-07241550,2022-06-13,8.3,27.4,412,57.4,20.3,54.2,57.8,102,165,10.4,Water Quality Portal / USGS activity record,true
nwisok.01.02200319,USGS-07241550,2022-06-23,8.6,28.3,576,66.9,26.1,90.0,108,112,211,3.32,Water Quality Portal / USGS activity record,true
nwisok.01.02200328,USGS-07241550,2022-06-29,8.9,25.8,574,68.1,26.7,87.2,111,108,217,1.74,Water Quality Portal / USGS activity record,true
nwisok.01.02200331,USGS-07241550,2022-07-11,8.6,27.3,582,66.9,27.1,92.8,119,114,211,5.19,Water Quality Portal / USGS activity record,true
nwisok.01.02200357,USGS-07241550,2022-07-28,8.4,27.8,601,65.4,26.7,94.8,118,99.8,215,11.9,Water Quality Portal / USGS activity record,true
nwisok.01.02200363,USGS-07241550,2022-08-02,8.1,25.9,599,67.7,27.4,96.9,132,81.1,215,11.0,Water Quality Portal / USGS activity record,true
nwisok.01.02200381,USGS-07241550,2022-08-11,8.5,27.1,669,68.8,30.0,112,161,98.1,231,8.88,Water Quality Portal / USGS activity record,true
nwisok.01.02200386,USGS-07241550,2022-08-16,8.0,27.8,637,63.0,24.2,105,128,103,158,11.6,Water Quality Portal / USGS activity record,true
nwisok.01.02200401,USGS-07241550,2022-09-01,8.2,26.9,473,52.6,22.1,71.3,81.3,92.5,160,9.35,Water Quality Portal / USGS activity record,true
nwisok.01.02300013,USGS-07241550,2022-10-18,8.0,14.4,403,47.7,17.9,60.9,76.5,66.2,134,7.81,Water Quality Portal / USGS activity record,true
nwisok.01.02300040,USGS-07241550,2022-11-03,7.6,17.1,477,56.4,20.6,72.7,93.0,61.2,155,10.1,Water Quality Portal / USGS activity record,true
nwisok.01.02300050,USGS-07241550,2022-11-15,7.8,9.3,472,54.9,20.0,67.0,84.5,66.7,153,9.98,Water Quality Portal / USGS activity record,true
nwisok.01.02300064,USGS-07241550,2022-12-07,7.8,10.8,457,54.4,20.5,68.4,88.9,66.9,162,7.73,Water Quality Portal / USGS activity record,true
nwisok.01.02300113,USGS-07241550,2023-01-05,7.7,6.7,514,59.2,23.4,78.1,94.4,88.1,175,6.77,Water Quality Portal / USGS activity record,true
nwisok.01.02300149,USGS-07241550,2023-02-16,7.9,8.7,425,52.3,19.8,65.9,83.2,66.6,177,7.68,Water Quality Portal / USGS activity record,true
nwisok.01.02300153,USGS-07241550,2023-02-06,7.9,10.7,519,61.1,24.6,81.7,110,69.7,183,6.62,Water Quality Portal / USGS activity record,true
nwisok.01.02300186,USGS-07241550,2023-03-21,7.8,8.8,461,57.2,22.1,69.9,85.9,80.1,169,7.61,Water Quality Portal / USGS activity record,true
nwisok.01.02300202,USGS-07241550,2023-04-03,7.9,17.8,493,57.0,23.2,76.6,91.4,89.7,171,6.49,Water Quality Portal / USGS activity record,true
nwisok.01.02300229,USGS-07241550,2023-05-02,7.7,17.3,491,59.2,23.1,66.9,72.7,89.1,170,10.3,Water Quality Portal / USGS activity record,true
nwisok.01.02300234,USGS-07241550,2023-05-10,8.2,24.7,486,63.3,22.7,68.1,81.2,76.2,213,8.08,Water Quality Portal / USGS activity record,true
nwisok.01.02300239,USGS-07241550,2023-05-11,8.0,22.8,531,63.8,24.0,79.7,93.8,98.4,186,7.75,Water Quality Portal / USGS activity record,true
nwisok.01.02300242,USGS-07241550,2023-05-18,7.8,21.3,387,51.8,17.9,55.5,60.3,72.0,154,10.4,Water Quality Portal / USGS activity record,true
nwisok.01.02300282,USGS-07241550,2023-06-08,8.7,26.6,468,58.8,20.9,71.5,78.9,84.8,183,0.729,Water Quality Portal / USGS activity record,true
nwisok.01.02300285,USGS-07241550,2023-06-14,8.1,25.2,365,46.7,17.0,50.1,60.0,53.9,161,6.45,Water Quality Portal / USGS activity record,true
nwisok.01.02300312,USGS-07241550,2023-06-27,8.3,24.9,495,60.8,24.0,75.5,85.6,88.4,184,5.45,Water Quality Portal / USGS activity record,true
nwisok.01.02300337,USGS-07241550,2023-07-17,8.0,28.9,373,52.6,17.2,44.5,46.0,88.8,145,14.6,Water Quality Portal / USGS activity record,true
nwisok.01.02300345,USGS-07241550,2023-07-20,8.2,27.9,428,57.6,20.2,53.6,60.2,95.0,164,14.3,Water Quality Portal / USGS activity record,true
nwisok.01.02300411,USGS-07241550,2023-08-03,7.8,27.5,606,85.0,28.7,76.6,84.8,123,252,16.1,Water Quality Portal / USGS activity record,true
nwisok.01.02300432,USGS-07241550,2023-08-16,8.2,24.5,603,75.1,25.6,86.7,106,112,217,14.2,Water Quality Portal / USGS activity record,true
nwisok.01.02300437,USGS-07241550,2023-08-21,8.6,33.1,605,74.8,26.2,88.3,110,113,205,13.8,Water Quality Portal / USGS activity record,true
nwisok.01.02400024,USGS-07241550,2023-10-12,7.8,19.4,533,57.2,19.8,87.2,116,83.6,137,9.23,Water Quality Portal / USGS activity record,true
nwisok.01.02400057,USGS-07241550,2023-11-01,8.0,9.5,365,50.1,17.8,44.9,53.5,62.5,207,9.34,Water Quality Portal / USGS activity record,true
nwisok.01.02400065,USGS-07241550,2023-11-08,8.0,18.5,491,60.4,22.1,75.0,95.9,74.9,171,10.6,Water Quality Portal / USGS activity record,true
nwisok.01.02400088,USGS-07241550,2023-12-05,7.5,9.1,495,62.4,22.6,73.8,95.8,64.9,183,11.4,Water Quality Portal / USGS activity record,true
