date,temperature_c,relative_humidity_pct,rainfall_mm,reservoir_inflow_ml,wet_bulb_c,city_electric_index,city_non_ai_electricity_mw,ai_load_factor_a00,ai_load_factor_a30,ai_load_factor_a60,ai_load_factor_a90,ai_load_factor_flat
2029-01-01,-0.9,46.5,0.0,230.62,-4.43,0.8719,597.22,0.75,0.7212,0.6924,0.6636,0.75
2029-01-02,1.61,42.1,0.0,180.96,-2.53,0.8711,596.66,0.75,0.721,0.692,0.663,0.75
2029-01-03,0.05,39.8,0.0,255.32,-3.91,0.8704,596.13,0.75,0.7208,0.6917,0.6625,0.75
2029-01-04,1.0,40.8,0.0,371.95,-3.09,0.8696,595.64,0.75,0.7207,0.6913,0.662,0.75
2029-01-05,2.85,30.8,0.0,243.17,-2.1,0.869,595.18,0.75,0.7205,0.691,0.6615,0.75
2029-01-06,-2.28,38.7,0.0,262.83,-5.83,0.7815,535.27,0.75,0.7008,0.6517,0.6025,0.75
2029-01-07,-4.61,50.3,0.0,245.27,-7.45,0.781,534.92,0.75,0.7007,0.6514,0.6022,0.75
2029-01-08,-2.82,53.2,0.0,226.72,-5.8,0.8672,593.99,0.75,0.7201,0.6902,0.6604,0.75
2029-01-09,-3.07,50.3,11.5,274.37,-6.13,0.8667,593.66,0.75,0.72,0.69,0.66,0.75
2029-01-10,-2.2,43.9,6.45,187.54,-5.62,0.8663,593.36,0.75,0.7199,0.6898,0.6598,0.75
2029-01-11,-1.62,44.4,0.0,285.14,-5.11,0.8659,593.09,0.75,0.7198,0.6897,0.6595,0.75
2029-01-12,-0.56,46.1,0.0,224.93,-4.15,0.8656,592.86,0.75,0.7198,0.6895,0.6593,0.75
2029-01-13,-0.56,50.2,0.0,233.75,-3.97,0.7788,533.4,0.75,0.7002,0.6504,0.6007,0.75
2029-01-14,-1.16,44.1,0.0,168.12,-4.74,0.7785,533.25,0.75,0.7002,0.6503,0.6005,0.75
2029-01-15,-2.48,50.0,0.0,246.12,-5.63,0.8649,592.37,0.75,0.7196,0.6892,0.6588,0.75
2029-01-16,-3.57,49.1,0.0,212.06,-6.6,0.8647,592.27,0.75,0.7196,0.6891,0.6587,0.75
2029-01-17,-3.51,48.5,0.0,238.94,-6.57,0.8646,592.2,0.75,0.7195,0.6891,0.6586,0.75
2029-01-18,-5.18,47.6,0.0,189.8,-8.01,0.8646,592.17,0.75,0.7195,0.6891,0.6586,0.75
2029-01-19,-0.11,35.9,0.75,204.45,-4.19,0.8646,592.18,0.75,0.7195,0.6891,0.6586,0.75
2029-01-20,-2.84,47.3,0.0,201.45,-6.04,0.7782,532.99,0.75,0.7001,0.6502,0.6003,0.75
2029-01-21,-0.65,38.1,0.0,221.17,-4.54,0.7783,533.05,0.75,0.7001,0.6502,0.6003,0.75
2029-01-22,-2.41,48.0,0.0,254.05,-5.64,0.8649,592.38,0.75,0.7196,0.6892,0.6588,0.75
2029-01-23,-2.61,45.1,0.0,235.35,-5.92,0.8651,592.52,0.75,0.7196,0.6893,0.6589,0.75
2029-01-24,-4.22,47.7,0.0,267.07,-7.2,0.8653,592.69,0.75,0.7197,0.6894,0.6591,0.75
2029-01-25,-8.86,57.1,0.0,249.54,-10.99,0.8656,592.89,0.75,0.7198,0.6895,0.6593,0.75
2029-01-26,-5.13,57.7,0.0,266.71,-7.66,0.866,593.13,0.75,0.7198,0.6897,0.6595,0.75
2029-01-27,-0.71,41.6,0.0,206.1,-4.46,0.7797,534.05,0.75,0.7004,0.6509,0.6013,0.75
2029-01-28,-6.06,51.6,0.0,192.19,-8.67,0.7801,534.33,0.75,0.7005,0.6511,0.6016,0.75
2029-01-29,-0.98,46.7,4.92,241.18,-4.49,0.8673,594.03,0.75,0.7201,0.6903,0.6604,0.75
2029-01-30,-3.21,45.1,0.0,184.28,-6.42,0.8678,594.4,0.75,0.7203,0.6905,0.6608,0.75
2029-01-31,0.57,37.9,0.0,231.31,-3.57,0.8684,594.8,0.75,0.7204,0.6908,0.6612,0.75
2029-02-01,1.91,45.2,0.0,222.48,-2.12,0.869,595.23,0.75,0.7205,0.6911,0.6616,0.75
2029-02-02,0.3,51.0,0.0,178.5,-3.19,0.8697,595.7,0.75,0.7207,0.6914,0.6621,0.75
2029-02-03,0.6,40.2,0.0,206.99,-3.45,0.7834,536.58,0.75,0.7013,0.6525,0.6038,0.75
2029-02-04,2.22,40.1,0.0,184.56,-2.13,0.7841,537.05,0.75,0.7014,0.6528,0.6043,0.75
2029-02-05,0.58,45.5,0.0,183.01,-3.22,0.872,597.29,0.75,0.7212,0.6924,0.6636,0.75
2029-02-06,1.21,45.8,0.0,206.47,-2.68,0.8729,597.88,0.75,0.7214,0.6928,0.6642,0.75
2029-02-07,2.32,33.4,0.0,202.62,-2.38,0.8738,598.51,0.75,0.7216,0.6932,0.6648,0.75
2029-02-08,-2.22,45.0,0.0,207.41,-5.59,0.8748,599.17,0.75,0.7218,0.6937,0.6655,0.75
2029-02-09,-0.29,47.8,0.0,204.59,-3.85,0.8758,599.86,0.75,0.7221,0.6941,0.6662,0.75
2029-02-10,-2.3,46.3,0.0,201.89,-5.62,0.7892,540.52,0.75,0.7026,0.6551,0.6077,0.75
2029-02-11,0.69,45.2,0.0,236.89,-3.14,0.7901,541.19,0.75,0.7028,0.6556,0.6083,0.75
2029-02-12,1.89,45.7,0.0,195.22,-2.11,0.8791,602.11,0.75,0.7228,0.6956,0.6684,0.75
2029-02-13,2.67,39.4,0.0,184.28,-1.81,0.8803,602.92,0.75,0.7231,0.6961,0.6692,0.75
2029-02-14,1.24,49.4,0.0,213.82,-2.46,0.8815,603.76,0.75,0.7233,0.6967,0.67,0.75
2029-02-15,0.96,53.4,0.0,189.86,-2.48,0.8828,604.64,0.75,0.7236,0.6972,0.6709,0.75
2029-02-16,2.37,33.5,0.0,234.85,-2.34,0.8841,605.54,0.75,0.7239,0.6978,0.6718,0.75
2029-02-17,0.17,46.6,0.0,207.52,-3.51,0.7969,545.82,0.75,0.7043,0.6586,0.6129,0.75
2029-02-18,3.38,41.0,11.34,199.28,-1.14,0.7982,546.69,0.75,0.7046,0.6592,0.6138,0.75
2029-02-19,-1.11,41.4,0.0,194.88,-4.8,0.8883,608.42,0.75,0.7249,0.6997,0.6746,0.75
2029-02-20,-1.31,52.8,0.0,207.83,-4.49,0.8898,609.44,0.75,0.7252,0.7004,0.6756,0.75
2029-02-21,-3.44,48.9,0.0,214.69,-6.49,0.8913,610.49,0.75,0.7255,0.7011,0.6766,0.75
2029-02-22,-1.11,51.8,0.0,235.05,-4.37,0.8929,611.56,0.75,0.7259,0.7018,0.6777,0.75
2029-02-23,-2.14,56.7,0.0,178.91,-5.04,0.8945,612.67,0.75,0.7263,0.7025,0.6788,0.75
2029-02-24,-1.16,60.3,0.12,172.91,-3.99,0.8065,552.42,0.75,0.7065,0.6629,0.6194,0.75
2029-02-25,4.02,38.0,0.0,195.8,-0.8,0.808,553.46,0.75,0.7068,0.6636,0.6204,0.75
2029-02-26,0.58,54.1,0.0,219.65,-2.78,0.8996,616.14,0.75,0.7274,0.7048,0.6822,0.75
2029-02-27,1.96,44.8,0.0,172.36,-2.1,0.9013,617.35,0.75,0.7278,0.7056,0.6834,0.75
2029-02-28,1.08,51.4,0.0,168.12,-2.49,0.9031,618.58,0.75,0.7282,0.7064,0.6846,0.75
2029-03-01,1.9,46.9,0.0,203.38,-2.04,0.905,619.85,0.75,0.7286,0.7072,0.6859,0.75
2029-03-02,1.88,44.9,0.0,172.5,-2.17,0.9069,621.13,0.75,0.729,0.7081,0.6871,0.75
2029-03-03,3.55,47.9,0.0,253.63,-0.58,0.8179,560.2,0.75,0.709,0.6681,0.6271,0.75
2029-03-04,2.3,43.8,0.0,173.45,-1.87,0.8196,561.4,0.75,0.7094,0.6688,0.6283,0.75
2029-03-05,1.94,50.6,0.24,209.54,-1.8,0.9127,625.14,0.75,0.7304,0.7107,0.6911,0.75
2029-03-06,0.1,57.7,0.0,175.43,-3.01,0.9147,626.52,0.75,0.7308,0.7116,0.6924,0.75
2029-03-07,0.84,52.7,0.0,151.93,-2.63,0.9168,627.93,0.75,0.7313,0.7126,0.6938,0.75
2029-03-08,5.01,52.2,0.0,186.46,0.96,0.9189,629.36,0.75,0.7317,0.7135,0.6952,0.75
2029-03-09,-0.3,66.7,0.0,143.57,-2.84,0.921,630.81,0.75,0.7322,0.7144,0.6967,0.75
2029-03-10,0.75,52.3,0.0,190.62,-2.73,0.8308,569.06,0.75,0.7119,0.6739,0.6358,0.75
2029-03-11,4.46,44.9,0.0,186.66,-0.0,0.8328,570.41,0.75,0.7124,0.6748,0.6371,0.75
2029-03-12,1.35,59.0,0.0,130.72,-1.81,0.9275,635.3,0.75,0.7337,0.7174,0.7011,0.75
2029-03-13,1.01,50.6,0.0,157.78,-2.6,0.9298,636.84,0.75,0.7342,0.7184,0.7026,0.75
2029-03-14,-0.72,56.7,0.0,226.77,-3.79,0.9321,638.4,0.75,0.7347,0.7194,0.7041,0.75
2029-03-15,5.02,49.0,0.0,209.73,0.74,0.9344,639.98,0.75,0.7352,0.7205,0.7057,0.75
2029-03-16,4.71,51.1,0.0,188.38,0.63,0.9367,641.57,0.75,0.7358,0.7215,0.7073,0.75
2029-03-17,7.86,49.8,0.0,192.07,3.24,0.8452,578.87,0.75,0.7152,0.6803,0.6455,0.75
2029-03-18,9.72,41.6,0.0,155.89,4.11,0.8473,580.34,0.75,0.7156,0.6813,0.6469,0.75
2029-03-19,10.23,43.2,0.0,180.38,4.67,0.9439,646.48,0.75,0.7374,0.7247,0.7121,0.75
2029-03-20,10.62,46.6,0.0,174.51,5.31,0.9463,648.15,0.75,0.7379,0.7258,0.7137,0.75
2029-03-21,11.06,37.0,0.0,179.72,4.75,0.9488,649.83,0.75,0.7385,0.7269,0.7154,0.75
2029-03-22,6.3,52.3,0.0,198.97,2.1,0.9512,651.53,0.75,0.739,0.7281,0.7171,0.75
2029-03-23,9.02,55.5,0.0,149.98,4.74,0.9537,653.25,0.75,0.7396,0.7292,0.7188,0.75
2029-03-24,14.44,36.2,0.0,155.86,7.35,0.8607,589.49,0.75,0.7186,0.6873,0.6559,0.75
2029-03-25,12.32,42.3,0.0,178.43,6.3,0.863,591.06,0.75,0.7192,0.6883,0.6575,0.75
2029-03-26,15.7,38.9,3.26,153.49,8.69,0.9614,658.5,0.75,0.7413,0.7326,0.724,0.75
2029-03-27,13.59,42.1,0.0,170.44,7.34,0.964,660.28,0.75,0.7419,0.7338,0.7257,0.75
2029-03-28,12.34,31.2,0.0,215.12,5.16,0.9666,662.07,0.75,0.7425,0.735,0.7275,0.75
2029-03-29,14.0,37.3,7.67,163.2,7.13,0.9692,663.87,0.75,0.7431,0.7362,0.7292,0.75
2029-03-30,12.46,47.9,0.0,169.01,7.0,0.9719,665.68,0.75,0.7437,0.7374,0.731,0.75
2029-03-31,11.81,48.6,0.0,171.61,6.52,0.8771,600.76,0.75,0.7223,0.6947,0.667,0.75
2029-04-01,10.08,44.7,0.0,171.56,4.69,0.8795,602.41,0.75,0.7229,0.6958,0.6687,0.75
2029-04-02,11.52,50.4,0.0,169.54,6.45,0.9799,671.2,0.75,0.7455,0.741,0.7365,0.75
2029-04-03,5.62,49.1,0.0,138.98,1.27,0.9827,673.05,0.75,0.7461,0.7422,0.7383,0.75
2029-04-04,9.31,50.9,0.0,175.07,4.58,0.9854,674.92,0.75,0.7467,0.7434,0.7401,0.75
2029-04-05,14.16,48.7,0.0,149.65,8.54,0.9881,676.8,0.75,0.7473,0.7447,0.742,0.75
2029-04-06,15.85,44.5,0.0,165.23,9.49,0.9909,678.68,0.75,0.7479,0.7459,0.7438,0.75
2029-04-07,15.4,40.7,0.0,204.34,8.66,0.8943,612.52,0.75,0.7262,0.7024,0.6786,0.75
2029-04-08,15.86,45.7,0.0,191.27,9.64,0.8968,614.23,0.75,0.7268,0.7035,0.6803,0.75
2029-04-09,15.14,45.6,0.0,181.16,9.02,0.9992,684.38,0.75,0.7498,0.7496,0.7495,0.75
2029-04-10,10.66,59.2,0.0,173.57,6.54,1.002,686.3,0.75,0.7504,0.7509,0.7513,0.75
2029-04-11,9.01,56.9,0.0,187.02,4.86,1.0048,688.21,0.75,0.7511,0.7522,0.7532,0.75
2029-04-12,11.22,54.6,0.0,154.65,6.59,1.0076,690.14,0.75,0.7517,0.7534,0.7551,0.75
2029-04-13,11.68,49.5,0.0,205.0,6.5,1.0104,692.07,0.75,0.7523,0.7547,0.757,0.75
2029-04-14,8.4,60.4,0.0,198.02,4.61,0.9119,624.6,0.75,0.7302,0.7104,0.6905,0.75
2029-04-15,10.03,66.6,0.0,184.84,6.66,0.9145,626.34,0.75,0.7308,0.7115,0.6923,0.75
2029-04-16,7.77,63.2,0.0,168.03,4.3,1.0189,697.87,0.75,0.7543,0.7585,0.7628,0.75
2029-04-17,12.4,65.6,0.0,222.01,8.76,1.0217,699.81,0.75,0.7549,0.7598,0.7647,0.75
2029-04-18,12.88,72.3,0.0,165.87,9.89,1.0246,701.75,0.75,0.7555,0.7611,0.7666,0.75
2029-04-19,10.74,65.0,0.0,202.46,7.17,1.0274,703.69,0.75,0.7562,0.7623,0.7685,0.75
2029-04-20,12.03,64.2,0.0,182.25,8.27,1.0302,705.64,0.75,0.7568,0.7636,0.7704,0.75
2029-04-21,13.49,41.7,0.0,191.73,7.21,0.9298,636.82,0.75,0.7342,0.7184,0.7026,0.75
2029-04-22,10.22,60.0,1.54,179.66,6.22,0.9323,638.57,0.75,0.7348,0.7195,0.7043,0.75
2029-04-23,13.65,54.7,0.0,201.59,8.74,1.0387,711.46,0.75,0.7587,0.7674,0.7761,0.75
2029-04-24,12.98,66.7,0.0,164.61,9.39,1.0416,713.4,0.75,0.7594,0.7687,0.7781,0.75
2029-04-25,12.78,63.1,0.0,164.16,8.84,1.0444,715.34,0.75,0.76,0.77,0.78,0.75
2029-04-26,12.79,64.7,0.0,212.86,9.02,1.0472,717.27,0.75,0.7606,0.7712,0.7819,0.75
2029-04-27,14.34,65.8,0.0,172.47,10.56,1.05,719.2,0.75,0.7613,0.7725,0.7838,0.75
2029-04-28,14.83,56.4,0.0,199.02,9.97,0.9476,649.01,0.75,0.7382,0.7264,0.7146,0.75
2029-04-29,16.16,64.0,0.0,194.68,12.01,0.9501,650.74,0.75,0.7388,0.7275,0.7163,0.75
2029-04-30,14.73,60.4,0.0,184.45,10.31,1.0584,724.96,0.75,0.7631,0.7763,0.7894,0.75
2029-05-01,16.65,65.1,0.0,245.49,12.59,1.0612,726.87,0.75,0.7638,0.7776,0.7913,0.75
2029-05-02,15.91,69.7,0.0,184.44,12.44,1.064,728.77,0.75,0.7644,0.7788,0.7932,0.75
2029-05-03,15.71,65.2,13.62,179.58,11.75,1.0668,730.67,0.75,0.765,0.78,0.7951,0.75
2029-05-04,14.7,60.6,2.45,219.31,10.32,1.0695,732.56,0.75,0.7656,0.7813,0.7969,0.75
2029-05-05,14.86,64.3,0.0,166.96,10.86,0.965,660.99,0.75,0.7421,0.7343,0.7264,0.75
2029-05-06,13.31,66.2,0.0,219.12,9.64,0.9675,662.68,0.75,0.7427,0.7354,0.7281,0.75
2029-05-07,15.44,67.7,0.0,182.84,11.78,1.0777,738.17,0.75,0.7675,0.785,0.8025,0.75
2029-05-08,16.23,72.2,0.0,186.0,13.01,1.0804,740.02,0.75,0.7681,0.7862,0.8043,0.75
2029-05-09,21.66,52.9,0.0,183.69,15.53,1.0831,741.86,0.75,0.7687,0.7874,0.8061,0.75
2029-05-10,23.67,55.3,0.0,218.15,17.63,1.0858,743.69,0.75,0.7693,0.7886,0.8079,0.75
2029-05-11,21.98,57.9,0.0,228.61,16.51,1.0884,745.51,0.75,0.7699,0.7898,0.8097,0.75
2029-05-12,19.5,67.9,0.0,189.63,15.56,0.982,672.59,0.75,0.7459,0.7419,0.7378,0.75
2029-05-13,21.52,51.4,0.0,207.73,15.2,0.9843,674.2,0.75,0.7465,0.743,0.7394,0.75
2029-05-14,20.67,70.4,0.0,192.63,16.97,1.0963,750.9,0.75,0.7717,0.7933,0.815,0.75
2029-05-15,19.59,68.4,0.0,199.59,15.7,1.0989,752.66,0.75,0.7723,0.7945,0.8168,0.75
2029-05-16,18.15,67.7,0.0,169.56,14.28,1.1015,754.42,0.75,0.7728,0.7957,0.8185,0.75
2029-05-17,24.09,56.3,0.0,230.6,18.15,1.104,756.16,0.75,0.7734,0.7968,0.8202,0.75
2029-05-18,21.39,68.7,0.0,189.14,17.4,1.1065,757.88,0.75,0.774,0.7979,0.8219,0.75
2029-05-19,19.32,66.2,0.0,226.42,15.18,0.9981,683.63,0.75,0.7496,0.7491,0.7487,0.75
2029-05-20,18.47,77.5,0.0,254.8,15.76,1.0003,685.16,0.75,0.7501,0.7501,0.7502,0.75
2029-05-21,17.44,77.4,0.0,225.96,14.77,1.1139,762.96,0.75,0.7756,0.8013,0.8269,0.75
2029-05-22,22.5,59.8,0.0,210.66,17.24,1.1163,764.62,0.75,0.7762,0.8024,0.8285,0.75
2029-05-23,22.34,70.7,0.0,257.96,18.56,1.1187,766.26,0.75,0.7767,0.8034,0.8301,0.75
2029-05-24,23.77,59.5,0.0,190.6,18.32,1.1211,767.88,0.75,0.7772,0.8045,0.8317,0.75
2029-05-25,20.66,78.3,0.0,217.25,17.95,1.1234,769.49,0.75,0.7778,0.8056,0.8333,0.75
2029-05-26,21.13,67.6,0.0,207.74,17.03,1.0132,693.96,0.75,0.753,0.7559,0.7589,0.75
2029-05-27,17.18,72.0,0.0,213.98,13.89,1.0152,695.37,0.75,0.7534,0.7569,0.7603,0.75
2029-05-28,18.55,71.1,0.0,184.46,15.06,1.1303,774.18,0.75,0.7793,0.8086,0.838,0.75
2029-05-29,21.86,71.3,0.0,245.43,18.18,1.1325,775.71,0.75,0.7798,0.8096,0.8395,0.75
2029-05-30,22.88,71.1,0.0,206.48,19.12,1.1347,777.21,0.75,0.7803,0.8106,0.8409,0.75
2029-05-31,20.2,69.0,4.85,230.14,16.34,1.1369,778.69,0.75,0.7808,0.8116,0.8424,0.75
2029-06-01,20.98,65.0,0.0,241.65,16.54,1.139,780.15,0.75,0.7813,0.8126,0.8438,0.75
2029-06-02,21.91,72.3,0.0,186.39,18.36,1.027,703.43,0.75,0.7561,0.7622,0.7682,0.75
2029-06-03,18.23,82.7,0.0,217.2,16.15,1.0289,704.71,0.75,0.7565,0.763,0.7695,0.75
2029-06-04,19.37,63.8,4.02,209.79,14.92,1.1452,784.4,0.75,0.7827,0.8154,0.848,0.75
2029-06-05,17.74,76.1,0.0,227.04,14.89,1.1472,785.77,0.75,0.7831,0.8163,0.8494,0.75
2029-06-06,16.16,81.3,0.54,227.19,14.0,1.1492,787.12,0.75,0.7836,0.8171,0.8507,0.75
2029-06-07,19.15,79.9,0.0,215.26,16.7,1.1511,788.44,0.75,0.784,0.818,0.852,0.75
2029-06-08,19.67,76.0,12.77,234.14,16.72,1.153,789.73,0.75,0.7844,0.8189,0.8533,0.75
2029-06-09,21.74,66.3,3.05,249.73,17.41,1.0394,711.9,0.75,0.7589,0.7677,0.7766,0.75
2029-06-10,23.54,63.0,24.11,250.94,18.61,1.041,713.03,0.75,0.7592,0.7685,0.7777,0.75
2029-06-11,25.2,61.6,0.0,171.52,19.92,1.1585,793.47,0.75,0.7857,0.8213,0.857,0.75
2029-06-12,24.11,61.6,0.0,247.86,18.94,1.1602,794.66,0.75,0.786,0.8221,0.8581,0.75
2029-06-13,23.89,81.0,3.98,218.65,21.4,1.1619,795.83,0.75,0.7864,0.8229,0.8593,0.75
2029-06-14,26.09,72.1,16.95,243.38,22.26,1.1636,796.97,0.75,0.7868,0.8236,0.8604,0.75
2029-06-15,26.82,59.8,0.0,266.99,21.1,1.1652,798.08,0.75,0.7872,0.8243,0.8615,0.75
2029-06-16,26.59,65.5,5.51,238.46,21.76,1.0501,719.25,0.75,0.7613,0.7725,0.7838,0.75
2029-06-17,32.07,56.7,0.0,264.0,25.28,1.0515,720.2,0.75,0.7616,0.7732,0.7848,0.75
2029-06-18,32.59,66.6,1.45,220.47,27.45,1.1698,801.26,0.75,0.7882,0.8264,0.8646,0.75
2029-06-19,28.05,52.5,18.42,259.31,21.04,1.1713,802.26,0.75,0.7885,0.8271,0.8656,0.75
2029-06-20,29.32,59.0,0.0,264.42,23.23,1.1727,803.23,0.75,0.7889,0.8277,0.8666,0.75
2029-06-21,29.59,62.8,0.0,280.17,24.08,1.1741,804.17,0.75,0.7892,0.8283,0.8675,0.75
2029-06-22,30.88,59.6,21.15,213.43,24.72,1.1754,805.09,0.75,0.7895,0.8289,0.8684,0.75
2029-06-23,27.78,68.7,0.87,203.5,23.34,1.059,725.37,0.75,0.7633,0.7766,0.7899,0.75
2029-06-24,27.97,70.0,0.0,244.95,23.71,1.0602,726.14,0.75,0.7635,0.7771,0.7906,0.75
2029-06-25,26.8,72.9,2.1,257.64,23.04,1.1792,807.65,0.75,0.7903,0.8306,0.8709,0.75
2029-06-26,21.36,83.8,0.0,264.72,19.32,1.1803,808.44,0.75,0.7906,0.8311,0.8717,0.75
2029-06-27,25.53,82.8,0.0,315.65,23.23,1.1814,809.2,0.75,0.7908,0.8316,0.8725,0.75
2029-06-28,25.65,65.3,0.3,280.82,20.86,1.1825,809.94,0.75,0.7911,0.8321,0.8732,0.75
2029-06-29,25.27,72.1,0.0,292.76,21.49,1.1835,810.64,0.75,0.7913,0.8326,0.8739,0.75
2029-06-30,26.81,66.7,0.0,259.58,22.13,1.0661,730.17,0.75,0.7649,0.7797,0.7946,0.75
2029-07-01,23.83,74.5,0.0,227.29,20.47,1.0669,730.75,0.75,0.7651,0.7801,0.7952,0.75
2029-07-02,25.75,85.2,0.0,236.36,23.77,1.1863,812.55,0.75,0.7919,0.8338,0.8758,0.75
2029-07-03,24.79,87.7,0.0,271.48,23.18,1.1872,813.12,0.75,0.7921,0.8342,0.8763,0.75
2029-07-04,23.94,79.9,0.0,227.2,21.31,1.188,813.67,0.75,0.7923,0.8346,0.8769,0.75
2029-07-05,30.1,72.4,0.0,303.03,26.06,1.1887,814.18,0.75,0.7925,0.8349,0.8774,0.75
2029-07-06,29.13,72.3,0.0,255.46,25.13,1.1894,814.65,0.75,0.7926,0.8352,0.8778,0.75
2029-07-07,31.9,68.5,32.19,284.0,27.12,1.071,733.59,0.75,0.766,0.782,0.798,0.75
2029-07-08,30.66,70.8,0.0,289.83,26.34,1.0716,733.96,0.75,0.7661,0.7822,0.7983,0.75
2029-07-09,29.3,63.6,4.22,337.66,23.95,1.1912,815.89,0.75,0.793,0.836,0.8791,0.75
2029-07-10,26.68,72.3,0.0,272.12,22.83,1.1917,816.24,0.75,0.7931,0.8363,0.8794,0.75
2029-07-11,23.59,78.7,10.8,298.45,20.81,1.1922,816.55,0.75,0.7932,0.8365,0.8797,0.75
2029-07-12,25.29,75.1,19.18,280.37,21.93,1.1926,816.84,0.75,0.7933,0.8367,0.88,0.75
2029-07-13,23.88,72.3,0.0,292.36,20.22,1.1929,817.08,0.75,0.7934,0.8368,0.8802,0.75
2029-07-14,29.81,70.2,14.29,247.2,25.44,1.0739,735.57,0.75,0.7666,0.7833,0.7999,0.75
2029-07-15,27.59,68.6,12.25,273.11,23.14,1.0742,735.73,0.75,0.7667,0.7834,0.8001,0.75
2029-07-16,32.17,71.7,0.03,280.42,27.9,1.1937,817.63,0.75,0.7936,0.8372,0.8808,0.75
2029-07-17,32.52,64.1,0.05,317.53,26.97,1.1939,817.74,0.75,0.7936,0.8373,0.8809,0.75
2029-07-18,32.74,70.1,0.0,255.14,28.17,1.194,817.82,0.75,0.7937,0.8373,0.881,0.75
2029-07-19,34.34,58.9,0.0,265.13,27.7,1.1941,817.87,0.75,0.7937,0.8373,0.881,0.75
2029-07-20,30.66,74.3,0.0,337.9,26.89,1.1941,817.89,0.75,0.7937,0.8374,0.881,0.75
2029-07-21,32.12,67.3,0.0,336.17,27.13,1.0747,736.08,0.75,0.7668,0.7836,0.8004,0.75
2029-07-22,26.87,80.4,2.4,303.93,24.18,1.0746,736.03,0.75,0.7668,0.7836,0.8004,0.75
2029-07-23,29.34,77.5,0.0,298.12,26.13,1.1939,817.73,0.75,0.7936,0.8372,0.8809,0.75
2029-07-24,25.44,81.4,0.0,295.14,22.95,1.1937,817.61,0.75,0.7936,0.8372,0.8808,0.75
2029-07-25,25.2,80.2,0.0,212.72,22.55,1.1935,817.46,0.75,0.7935,0.8371,0.8806,0.75
2029-07-26,30.53,72.1,0.0,304.84,26.42,1.1932,817.27,0.75,0.7935,0.8369,0.8804,0.75
2029-07-27,26.6,82.9,0.0,317.22,24.28,1.1929,817.05,0.75,0.7934,0.8368,0.8802,0.75
2029-07-28,25.83,94.0,0.0,292.73,25.05,1.0733,735.12,0.75,0.7665,0.783,0.7995,0.75
2029-07-29,29.34,65.2,0.0,312.07,24.23,1.0729,734.86,0.75,0.7664,0.7828,0.7992,0.75
2029-07-30,26.38,77.0,0.0,254.05,23.23,1.1916,816.2,0.75,0.7931,0.8362,0.8794,0.75
2029-07-31,27.47,77.6,0.0,311.91,24.36,1.1911,815.85,0.75,0.793,0.836,0.879,0.75
2029-08-01,30.72,64.8,27.47,358.19,25.43,1.1906,815.46,0.75,0.7929,0.8358,0.8786,0.75
2029-08-02,29.1,68.4,0.0,339.76,24.51,1.19,815.05,0.75,0.7927,0.8355,0.8782,0.75
2029-08-03,23.81,71.8,0.88,280.71,20.08,1.1893,814.6,0.75,0.7926,0.8352,0.8778,0.75
2029-08-04,29.3,75.7,0.0,306.75,25.82,1.0697,732.7,0.75,0.7657,0.7814,0.7971,0.75
2029-08-05,26.2,86.1,0.0,362.45,24.33,1.0691,732.24,0.75,0.7655,0.7811,0.7966,0.75
2029-08-06,27.91,76.8,0.3,312.09,24.65,1.1871,813.05,0.75,0.7921,0.8342,0.8763,0.75
2029-08-07,30.77,68.9,0.0,273.2,26.13,1.1862,812.47,0.75,0.7919,0.8338,0.8757,0.75
2029-08-08,30.49,66.1,0.0,288.29,25.43,1.1853,811.86,0.75,0.7917,0.8334,0.8751,0.75
2029-08-09,24.64,72.4,0.0,355.47,20.94,1.1844,811.22,0.75,0.7915,0.833,0.8745,0.75
2029-08-10,28.14,72.0,0.0,322.68,24.17,1.1834,810.55,0.75,0.7913,0.8325,0.8738,0.75
2029-08-11,26.87,81.4,2.93,363.22,24.32,1.0641,728.86,0.75,0.7644,0.7789,0.7933,0.75
2029-08-12,27.34,73.1,0.0,249.74,23.58,1.0632,728.2,0.75,0.7642,0.7784,0.7926,0.75
2029-08-13,27.75,69.9,0.0,363.48,23.48,1.1802,808.34,0.75,0.7905,0.8311,0.8716,0.75
2029-08-14,32.25,61.5,0.0,372.86,26.27,1.179,807.54,0.75,0.7903,0.8306,0.8708,0.75
2029-08-15,26.52,80.5,0.0,289.84,23.85,1.1778,806.72,0.75,0.79,0.83,0.87,0.75
2029-08-16,25.79,64.6,0.0,353.14,20.89,1.1766,805.86,0.75,0.7897,0.8294,0.8692,0.75
2029-08-17,26.55,79.1,25.93,256.06,23.7,1.1753,804.97,0.75,0.7894,0.8289,0.8683,0.75
2029-08-18,29.02,64.2,3.71,363.81,23.78,1.0565,723.65,0.75,0.7627,0.7754,0.7882,0.75
2029-08-19,28.18,56.5,0.0,329.95,21.81,1.0553,722.8,0.75,0.7624,0.7749,0.7873,0.75
2029-08-20,29.46,72.7,16.2,299.0,25.51,1.1711,802.13,0.75,0.7885,0.827,0.8655,0.75
2029-08-21,24.29,70.9,0.0,328.41,20.4,1.1696,801.13,0.75,0.7882,0.8263,0.8645,0.75
2029-08-22,20.38,84.9,0.0,368.37,18.51,1.1681,800.1,0.75,0.7878,0.8257,0.8635,0.75
2029-08-23,23.3,73.5,0.0,346.98,19.83,1.1666,799.03,0.75,0.7875,0.825,0.8624,0.75
2029-08-24,24.88,75.5,8.94,333.12,21.6,1.165,797.95,0.75,0.7871,0.8243,0.8614,0.75
2029-08-25,26.87,59.4,0.0,362.2,21.09,1.047,717.15,0.75,0.7606,0.7712,0.7817,0.75
2029-08-26,25.74,65.8,0.0,285.19,21.02,1.0455,716.12,0.75,0.7602,0.7705,0.7807,0.75
2029-08-27,26.53,64.1,1.31,321.93,21.49,1.16,794.51,0.75,0.786,0.822,0.858,0.75
2029-08-28,24.8,71.9,7.2,329.45,21.02,1.1582,793.32,0.75,0.7856,0.8212,0.8568,0.75
2029-08-29,26.63,68.8,14.11,336.51,22.28,1.1565,792.09,0.75,0.7852,0.8204,0.8556,0.75
2029-08-30,24.19,70.3,33.13,334.27,20.22,1.1546,790.85,0.75,0.7848,0.8196,0.8544,0.75
2029-08-31,25.83,62.5,2.17,402.28,20.62,1.1528,789.57,0.75,0.7844,0.8187,0.8531,0.75
2029-09-01,25.79,61.1,0.0,352.5,20.37,1.0358,709.44,0.75,0.7581,0.7661,0.7742,0.75
2029-09-02,26.64,57.2,0.05,389.14,20.55,1.034,708.25,0.75,0.7577,0.7653,0.773,0.75
2029-09-03,23.96,55.7,0.0,361.2,17.95,1.147,785.6,0.75,0.7831,0.8161,0.8492,0.75
2029-09-04,21.57,72.4,0.0,327.56,18.05,1.145,784.23,0.75,0.7826,0.8152,0.8479,0.75
2029-09-05,19.15,89.9,0.0,320.64,17.92,1.1429,782.83,0.75,0.7822,0.8143,0.8465,0.75
2029-09-06,21.32,64.4,0.0,292.77,16.79,1.1409,781.41,0.75,0.7817,0.8134,0.8451,0.75
2029-09-07,19.29,78.8,0.0,340.0,16.69,1.1388,779.97,0.75,0.7812,0.8124,0.8437,0.75
2029-09-08,21.54,76.7,0.0,336.24,18.58,1.023,700.66,0.75,0.7552,0.7603,0.7655,0.75
2029-09-09,17.72,76.6,0.0,329.0,14.94,1.021,699.32,0.75,0.7547,0.7595,0.7642,0.75
2029-09-10,21.29,77.5,0.0,386.99,18.44,1.1323,775.52,0.75,0.7798,0.8095,0.8393,0.75
2029-09-11,22.14,69.0,0.0,339.85,18.14,1.13,773.99,0.75,0.7793,0.8085,0.8378,0.75
2029-09-12,17.64,65.5,0.0,264.41,13.55,1.1278,772.44,0.75,0.7787,0.8075,0.8362,0.75
2029-09-13,20.44,70.7,0.0,337.63,16.78,1.1255,770.87,0.75,0.7782,0.8065,0.8347,0.75
2029-09-14,17.99,69.8,0.0,317.37,14.39,1.1232,769.28,0.75,0.7777,0.8054,0.8331,0.75
2029-09-15,20.56,69.4,0.0,301.48,16.73,1.0087,690.91,0.75,0.752,0.7539,0.7559,0.75
2029-09-16,17.87,74.7,0.0,300.08,14.85,1.0066,689.45,0.75,0.7515,0.753,0.7545,0.75
2029-09-17,20.01,72.6,0.0,403.72,16.62,1.116,764.41,0.75,0.7761,0.8022,0.8283,0.75
2029-09-18,20.25,68.7,9.72,333.28,16.35,1.1136,762.75,0.75,0.7756,0.8011,0.8267,0.75
2029-09-19,22.97,53.6,0.0,375.87,16.77,1.1112,761.07,0.75,0.775,0.8,0.825,0.75
2029-09-20,19.66,72.3,15.21,312.2,16.25,1.1087,759.38,0.75,0.7745,0.7989,0.8234,0.75
2029-09-21,19.53,61.0,0.0,293.3,14.72,1.1062,757.67,0.75,0.7739,0.7978,0.8217,0.75
2029-09-22,19.53,72.3,0.0,389.56,16.13,0.9933,680.35,0.75,0.7485,0.747,0.7455,0.75
2029-09-23,19.47,60.3,0.0,422.08,14.57,0.991,678.78,0.75,0.748,0.746,0.7439,0.75
2029-09-24,21.84,61.8,0.0,294.3,16.9,1.0986,752.44,0.75,0.7722,0.7944,0.8165,0.75
2029-09-25,21.78,61.6,19.33,356.73,16.82,1.096,750.67,0.75,0.7716,0.7932,0.8148,0.75
2029-09-26,20.4,65.4,0.0,336.81,16.07,1.0934,748.89,0.75,0.771,0.792,0.813,0.75
2029-09-27,22.4,47.4,0.0,375.04,15.38,1.0908,747.09,0.75,0.7704,0.7908,0.8113,0.75
2029-09-28,21.9,49.7,0.0,312.48,15.29,1.0881,745.28,0.75,0.7698,0.7897,0.8095,0.75
2029-09-29,20.77,55.3,0.0,313.48,15.07,0.9769,669.12,0.75,0.7448,0.7396,0.7344,0.75
2029-09-30,15.96,69.5,0.0,329.04,12.46,0.9745,667.47,0.75,0.7443,0.7385,0.7328,0.75
2029-10-01,19.11,63.3,0.0,365.52,14.63,1.0801,739.79,0.75,0.768,0.786,0.8041,0.75
2029-10-02,20.88,61.5,0.0,333.0,16.0,1.0774,737.93,0.75,0.7674,0.7848,0.8022,0.75
2029-10-03,16.63,63.7,0.0,365.95,12.42,1.0747,736.07,0.75,0.7668,0.7836,0.8004,0.75
2029-10-04,19.77,59.5,0.0,413.16,14.74,1.0719,734.2,0.75,0.7662,0.7824,0.7986,0.75
2029-10-05,14.7,71.5,0.0,436.38,11.5,1.0692,732.32,0.75,0.7656,0.7811,0.7967,0.75
2029-10-06,13.85,66.2,0.0,399.53,10.15,0.9598,657.39,0.75,0.741,0.7319,0.7229,0.75
2029-10-07,14.67,63.4,0.0,324.69,10.6,0.9573,655.68,0.75,0.7404,0.7308,0.7212,0.75
2029-10-08,14.26,53.4,0.0,359.46,9.14,1.0609,726.63,0.75,0.7637,0.7774,0.7911,0.75
2029-10-09,15.27,60.2,0.0,383.2,10.78,1.0581,724.72,0.75,0.7631,0.7761,0.7892,0.75
2029-10-10,17.22,56.7,0.0,437.87,12.12,1.0553,722.8,0.75,0.7624,0.7749,0.7873,0.75
2029-10-11,12.42,64.1,0.0,380.85,8.61,1.0525,720.88,0.75,0.7618,0.7736,0.7854,0.75
2029-10-12,15.4,53.1,0.0,339.01,10.1,1.0497,718.96,0.75,0.7612,0.7724,0.7835,0.75
2029-10-13,13.09,56.9,0.0,333.34,8.48,0.9422,645.32,0.75,0.737,0.724,0.711,0.75
2029-10-14,18.93,54.6,24.44,426.86,13.37,0.9396,643.58,0.75,0.7364,0.7228,0.7093,0.75
2029-10-15,16.88,43.6,0.0,421.5,10.24,1.0412,713.16,0.75,0.7593,0.7685,0.7778,0.75
2029-10-16,15.99,56.2,0.0,302.08,10.97,1.0384,711.22,0.75,0.7586,0.7673,0.7759,0.75
2029-10-17,14.84,56.4,0.0,358.49,9.98,1.0355,709.28,0.75,0.758,0.766,0.774,0.75
2029-10-18,9.22,66.3,0.0,318.55,5.9,1.0327,707.33,0.75,0.7574,0.7647,0.7721,0.75
2029-10-19,12.46,51.5,0.0,364.6,7.37,1.0299,705.39,0.75,0.7567,0.7634,0.7702,0.75
2029-10-20,12.29,57.2,0.0,315.48,7.8,0.9243,633.1,0.75,0.733,0.7159,0.6989,0.75
2029-10-21,9.32,58.3,0.0,316.42,5.26,0.9218,631.36,0.75,0.7324,0.7148,0.6972,0.75
2029-10-22,9.6,59.9,0.0,311.19,5.66,1.0214,699.57,0.75,0.7548,0.7596,0.7644,0.75
2029-10-23,9.7,59.4,0.0,342.12,5.7,1.0185,697.63,0.75,0.7542,0.7583,0.7625,0.75
2029-10-24,13.31,51.6,0.61,325.3,8.12,1.0157,695.69,0.75,0.7535,0.7571,0.7606,0.75
2029-10-25,14.69,57.3,5.51,301.54,9.95,1.0129,693.75,0.75,0.7529,0.7558,0.7587,0.75
2029-10-26,16.95,47.4,0.0,348.06,10.76,1.0101,691.82,0.75,0.7523,0.7545,0.7568,0.75
2029-10-27,21.09,28.8,0.94,346.3,11.45,0.9065,620.91,0.75,0.729,0.7079,0.6869,0.75
2029-10-28,14.65,47.9,0.0,438.47,8.87,0.904,619.17,0.75,0.7284,0.7068,0.6852,0.75
2029-10-29,17.91,44.1,0.0,308.8,11.16,1.0016,686.05,0.75,0.7504,0.7507,0.7511,0.75
2029-10-30,14.66,53.6,0.0,379.09,9.5,0.9988,684.14,0.75,0.7497,0.7495,0.7492,0.75
2029-10-31,16.14,49.6,0.0,353.95,10.33,0.9961,682.24,0.75,0.7491,0.7482,0.7473,0.75
2029-11-01,12.55,54.5,0.0,391.23,7.76,0.9933,680.34,0.75,0.7485,0.747,0.7455,0.75
2029-11-02,10.57,58.4,0.0,383.3,6.38,0.9905,678.44,0.75,0.7479,0.7457,0.7436,0.75
2029-11-03,9.03,62.7,0.0,408.87,5.4,0.889,608.9,0.75,0.725,0.7001,0.6751,0.75
2029-11-04,12.85,41.2,8.28,320.89,6.63,0.8865,607.22,0.75,0.7245,0.6989,0.6734,0.75
2029-11-05,11.7,38.8,27.07,299.22,5.45,0.9823,672.82,0.75,0.746,0.742,0.7381,0.75
2029-11-06,7.77,54.8,0.0,355.43,3.58,0.9796,670.96,0.75,0.7454,0.7408,0.7362,0.75
2029-11-07,6.37,53.2,14.71,275.64,2.23,0.9769,669.11,0.75,0.7448,0.7396,0.7344,0.75
2029-11-08,1.29,72.2,0.0,323.89,-1.01,0.9742,667.28,0.75,0.7442,0.7384,0.7326,0.75
2029-11-09,5.33,61.5,0.0,374.02,1.94,0.9716,665.45,0.75,0.7436,0.7372,0.7308,0.75
2029-11-10,12.21,56.8,0.0,347.51,7.7,0.872,597.28,0.75,0.7212,0.6924,0.6636,0.75
2029-11-11,9.76,51.0,0.0,269.15,4.99,0.8697,595.65,0.75,0.7207,0.6913,0.662,0.75
2029-11-12,7.19,50.4,9.22,348.41,2.71,0.9637,660.05,0.75,0.7418,0.7337,0.7255,0.75
2029-11-13,9.5,55.5,0.0,396.33,5.17,0.9611,658.27,0.75,0.7412,0.7325,0.7237,0.75
2029-11-14,9.59,51.5,0.0,314.34,4.89,0.9585,656.51,0.75,0.7407,0.7313,0.722,0.75
2029-11-15,8.92,44.6,0.0,271.38,3.7,0.956,654.77,0.75,0.7401,0.7302,0.7203,0.75
2029-11-16,7.84,50.2,0.0,391.38,3.26,0.9534,653.03,0.75,0.7395,0.729,0.7186,0.75
2029-11-17,6.44,50.2,0.0,313.76,2.05,0.8558,586.19,0.75,0.7176,0.6851,0.6527,0.75
2029-11-18,8.39,46.8,0.0,392.33,3.45,0.8536,584.66,0.75,0.7171,0.6841,0.6512,0.75
2029-11-19,9.39,43.8,0.0,272.06,4.02,0.946,647.93,0.75,0.7378,0.7257,0.7135,0.75
2029-11-20,10.57,30.0,0.0,353.94,3.69,0.9435,646.27,0.75,0.7373,0.7246,0.7119,0.75
2029-11-21,5.31,37.5,0.0,324.11,0.21,0.9411,644.62,0.75,0.7368,0.7235,0.7103,0.75
2029-11-22,2.24,56.1,0.0,348.17,-1.2,0.9388,642.98,0.75,0.7362,0.7224,0.7087,0.75
2029-11-23,1.3,52.3,0.0,300.67,-2.25,0.9364,641.37,0.75,0.7357,0.7214,0.7071,0.75
2029-11-24,2.39,58.5,0.0,269.92,-0.92,0.8407,575.8,0.75,0.7141,0.6783,0.6424,0.75
2029-11-25,4.11,43.5,0.0,309.18,-0.39,0.8386,574.38,0.75,0.7137,0.6774,0.6411,0.75
2029-11-26,4.0,55.2,6.37,333.6,0.29,0.9295,636.65,0.75,0.7341,0.7183,0.7024,0.75
2029-11-27,4.35,53.3,0.0,268.03,0.46,0.9273,635.11,0.75,0.7336,0.7173,0.7009,0.75
2029-11-28,2.75,56.4,9.11,301.15,-0.73,0.925,633.6,0.75,0.7331,0.7163,0.6994,0.75
2029-11-29,0.79,50.1,0.0,266.88,-2.81,0.9229,632.1,0.75,0.7326,0.7153,0.6979,0.75
2029-11-30,2.24,49.8,0.0,390.84,-1.58,0.9207,630.63,0.75,0.7322,0.7143,0.6965,0.75
2029-12-01,6.67,49.0,0.0,328.48,2.16,0.8267,566.26,0.75,0.711,0.672,0.6331,0.75
2029-12-02,3.74,51.0,0.0,311.43,-0.21,0.8249,564.98,0.75,0.7106,0.6712,0.6318,0.75
2029-12-03,4.15,50.7,0.0,335.63,0.12,0.9145,626.35,0.75,0.7308,0.7115,0.6923,0.75
2029-12-04,8.14,38.2,0.0,277.93,2.53,0.9125,624.97,0.75,0.7303,0.7106,0.6909,0.75
2029-12-05,7.33,34.7,0.0,325.08,1.61,0.9105,623.61,0.75,0.7299,0.7097,0.6896,0.75
2029-12-06,5.75,41.0,0.0,279.11,0.8,0.9085,622.28,0.75,0.7294,0.7088,0.6883,0.75
2029-12-07,2.66,46.4,0.0,317.18,-1.42,0.9066,620.97,0.75,0.729,0.708,0.687,0.75
2029-12-08,6.84,42.7,0.15,286.59,1.83,0.8143,557.72,0.75,0.7082,0.6664,0.6246,0.75
2029-12-09,6.91,44.0,0.0,250.78,1.98,0.8126,556.58,0.75,0.7078,0.6657,0.6235,0.75
2029-12-10,4.89,40.6,0.0,308.94,0.07,0.9011,617.19,0.75,0.7277,0.7055,0.6832,0.75
2029-12-11,3.41,50.1,0.0,329.17,-0.56,0.8993,615.99,0.75,0.7274,0.7047,0.6821,0.75
2029-12-12,2.02,52.7,0.0,248.37,-1.6,0.8976,614.81,0.75,0.727,0.7039,0.6809,0.75
2029-12-13,3.64,41.1,0.0,282.72,-0.92,0.8959,613.65,0.75,0.7266,0.7032,0.6798,0.75
2029-12-14,6.15,40.2,0.0,267.97,1.07,0.8943,612.53,0.75,0.7262,0.7024,0.6786,0.75
2029-12-15,3.28,46.2,9.4,275.82,-0.91,0.8034,550.28,0.75,0.7058,0.6615,0.6173,0.75
2029-12-16,2.13,45.8,8.94,222.45,-1.9,0.802,549.32,0.75,0.7055,0.6609,0.6164,0.75
2029-12-17,0.13,43.8,0.0,291.9,-3.68,0.8896,609.31,0.75,0.7252,0.7003,0.6755,0.75
2029-12-18,3.43,44.3,0.0,266.28,-0.9,0.8881,608.3,0.75,0.7248,0.6997,0.6745,0.75
2029-12-19,6.27,35.0,0.92,283.94,0.8,0.8867,607.31,0.75,0.7245,0.699,0.6735,0.75
2029-12-20,4.74,34.7,0.0,251.83,-0.42,0.8853,606.35,0.75,0.7242,0.6984,0.6726,0.75
2029-12-21,7.05,35.1,0.0,272.58,1.42,0.8839,605.42,0.75,0.7239,0.6978,0.6716,0.75
2029-12-22,5.79,33.9,0.0,261.26,0.35,0.7943,544.07,0.75,0.7037,0.6575,0.6112,0.75
2029-12-23,3.79,39.2,0.86,324.3,-0.91,0.7932,543.29,0.75,0.7035,0.6569,0.6104,0.75
2029-12-24,-0.96,39.9,0.0,248.72,-4.73,0.8801,602.82,0.75,0.723,0.6961,0.6691,0.75
2029-12-25,2.14,44.8,0.0,325.0,-1.95,0.8789,602.01,0.75,0.7228,0.6955,0.6683,0.75
2029-12-26,-0.94,51.5,0.0,223.7,-4.24,0.8778,601.23,0.75,0.7225,0.695,0.6675,0.75
2029-12-27,-1.35,51.8,0.0,229.29,-4.58,0.8767,600.48,0.75,0.7223,0.6945,0.6668,0.75
2029-12-28,-3.48,50.7,0.0,294.33,-6.46,0.8757,599.77,0.75,0.722,0.694,0.6661,0.75
2029-12-29,1.33,40.7,0.0,236.69,-2.83,0.7872,539.17,0.75,0.7021,0.6542,0.6064,0.75
2029-12-30,-0.62,51.4,0.0,226.99,-3.96,0.7863,538.59,0.75,0.7019,0.6539,0.6058,0.75
2029-12-31,-1.14,41.7,0.0,215.69,-4.81,0.8728,597.81,0.75,0.7214,0.6928,0.6641,0.75
2030-01-01,3.12,52.1,0.0,288.95,-0.68,0.8719,597.22,0.75,0.7212,0.6924,0.6636,0.75
2030-01-02,2.41,44.5,5.25,282.22,-1.74,0.8711,596.66,0.75,0.721,0.692,0.663,0.75
2030-01-03,0.31,42.2,21.16,285.35,-3.6,0.8704,596.13,0.75,0.7208,0.6917,0.6625,0.75
2030-01-04,-1.39,51.0,0.0,232.09,-4.65,0.8696,595.64,0.75,0.7207,0.6913,0.662,0.75
2030-01-05,-3.4,41.8,0.0,263.71,-6.67,0.7821,535.66,0.75,0.701,0.6519,0.6029,0.75
2030-01-06,-3.97,46.3,5.6,284.83,-7.02,0.7815,535.27,0.75,0.7008,0.6517,0.6025,0.75
2030-01-07,-7.09,61.9,0.0,226.0,-9.27,0.8678,594.35,0.75,0.7202,0.6905,0.6607,0.75
2030-01-08,0.07,40.0,0.0,221.85,-3.88,0.8672,593.99,0.75,0.7201,0.6902,0.6604,0.75
2030-01-09,-2.22,43.7,0.0,267.07,-5.64,0.8667,593.66,0.75,0.72,0.69,0.66,0.75
2030-01-10,-2.27,47.1,0.0,232.6,-5.56,0.8663,593.36,0.75,0.7199,0.6898,0.6598,0.75
2030-01-11,0.02,39.3,0.0,206.44,-3.96,0.8659,593.09,0.75,0.7198,0.6897,0.6595,0.75
2030-01-12,-1.65,48.1,0.0,231.36,-4.99,0.779,533.58,0.75,0.7003,0.6506,0.6008,0.75
2030-01-13,-0.95,36.7,0.0,218.59,-4.83,0.7788,533.4,0.75,0.7002,0.6504,0.6007,0.75
2030-01-14,-1.12,48.5,0.0,234.09,-4.53,0.865,592.5,0.75,0.7196,0.6893,0.6589,0.75
2030-01-15,-0.72,35.9,0.0,255.69,-4.67,0.8649,592.37,0.75,0.7196,0.6892,0.6588,0.75
2030-01-16,-3.23,50.6,0.0,283.54,-6.26,0.8647,592.27,0.75,0.7196,0.6891,0.6587,0.75
2030-01-17,-0.12,41.9,0.0,208.59,-3.96,0.8646,592.2,0.75,0.7195,0.6891,0.6586,0.75
2030-01-18,-4.39,47.8,0.0,263.13,-7.34,0.8646,592.17,0.75,0.7195,0.6891,0.6586,0.75
2030-01-19,-2.41,49.4,0.0,273.53,-5.59,0.7781,532.96,0.75,0.7001,0.6502,0.6002,0.75
2030-01-20,-1.54,48.2,0.0,231.81,-4.9,0.7782,532.99,0.75,0.7001,0.6502,0.6003,0.75
2030-01-21,1.74,33.4,0.0,233.87,-2.84,0.8647,592.28,0.75,0.7196,0.6891,0.6587,0.75
2030-01-22,2.45,36.5,2.73,233.94,-2.13,0.8649,592.38,0.75,0.7196,0.6892,0.6588,0.75
2030-01-23,4.62,30.4,0.0,216.03,-0.78,0.8651,592.52,0.75,0.7196,0.6893,0.6589,0.75
2030-01-24,6.48,24.7,0.0,247.07,0.23,0.8653,592.69,0.75,0.7197,0.6894,0.6591,0.75
2030-01-25,1.55,33.5,0.0,231.77,-2.98,0.8656,592.89,0.75,0.7198,0.6895,0.6593,0.75
2030-01-26,-0.89,46.9,0.0,217.92,-4.39,0.7794,533.81,0.75,0.7004,0.6507,0.6011,0.75
2030-01-27,2.77,34.5,0.0,192.72,-1.98,0.7797,534.05,0.75,0.7004,0.6509,0.6013,0.75
2030-01-28,2.99,32.3,0.0,225.44,-1.92,0.8668,593.7,0.75,0.72,0.6901,0.6601,0.75
2030-01-29,7.49,24.3,0.0,278.71,0.92,0.8673,594.03,0.75,0.7201,0.6903,0.6604,0.75
2030-01-30,1.43,38.8,0.0,230.31,-2.84,0.8678,594.4,0.75,0.7203,0.6905,0.6608,0.75
2030-01-31,-1.46,53.2,0.0,234.58,-4.61,0.8684,594.8,0.75,0.7204,0.6908,0.6612,0.75
2030-02-01,0.74,49.2,0.0,221.31,-2.91,0.869,595.23,0.75,0.7205,0.6911,0.6616,0.75
2030-02-02,-0.67,44.3,0.0,253.84,-4.32,0.7827,536.13,0.75,0.7011,0.6522,0.6034,0.75
2030-02-03,0.73,35.0,0.08,186.28,-3.56,0.7834,536.58,0.75,0.7013,0.6525,0.6038,0.75
2030-02-04,0.76,38.8,0.0,193.47,-3.38,0.8712,596.73,0.75,0.721,0.692,0.6631,0.75
2030-02-05,-0.18,41.9,0.0,213.27,-4.02,0.872,597.29,0.75,0.7212,0.6924,0.6636,0.75
2030-02-06,0.7,41.4,0.0,203.75,-3.32,0.8729,597.88,0.75,0.7214,0.6928,0.6642,0.75
2030-02-07,1.32,46.8,0.0,210.68,-2.54,0.8738,598.51,0.75,0.7216,0.6932,0.6648,0.75
2030-02-08,1.52,51.6,0.0,222.72,-2.1,0.8748,599.17,0.75,0.7218,0.6937,0.6655,0.75
2030-02-09,-1.27,51.9,0.0,194.06,-4.51,0.7882,539.87,0.75,0.7023,0.6547,0.607,0.75
2030-02-10,-0.74,43.1,0.0,217.12,-4.43,0.7892,540.52,0.75,0.7026,0.6551,0.6077,0.75
2030-02-11,-0.42,52.9,0.0,231.75,-3.72,0.8779,601.33,0.75,0.7225,0.6951,0.6676,0.75
2030-02-12,1.12,36.4,0.0,216.26,-3.2,0.8791,602.11,0.75,0.7228,0.6956,0.6684,0.75
2030-02-13,1.72,40.1,0.0,138.75,-2.54,0.8803,602.92,0.75,0.7231,0.6961,0.6692,0.75
2030-02-14,0.08,46.9,0.0,245.21,-3.58,0.8815,603.76,0.75,0.7233,0.6967,0.67,0.75
2030-02-15,-2.86,48.3,0.0,187.62,-6.02,0.8828,604.64,0.75,0.7236,0.6972,0.6709,0.75
2030-02-16,-8.01,54.9,0.0,161.97,-10.29,0.7957,544.99,0.75,0.704,0.6581,0.6121,0.75
2030-02-17,-7.0,68.5,0.0,207.97,-8.94,0.7969,545.82,0.75,0.7043,0.6586,0.6129,0.75
2030-02-18,-5.2,61.6,0.0,190.02,-7.57,0.8869,607.43,0.75,0.7245,0.6991,0.6736,0.75
2030-02-19,-7.68,59.5,0.0,178.82,-9.88,0.8883,608.42,0.75,0.7249,0.6997,0.6746,0.75
2030-02-20,-7.54,54.2,0.0,182.89,-9.9,0.8898,609.44,0.75,0.7252,0.7004,0.6756,0.75
2030-02-21,-2.6,49.1,0.0,186.42,-5.77,0.8913,610.49,0.75,0.7255,0.7011,0.6766,0.75
2030-02-22,0.87,46.5,1.01,190.04,-2.93,0.8929,611.56,0.75,0.7259,0.7018,0.6777,0.75
2030-02-23,2.99,47.4,0.82,154.54,-1.09,0.805,551.4,0.75,0.7061,0.6623,0.6184,0.75
2030-02-24,4.36,36.2,0.0,168.94,-0.63,0.8065,552.42,0.75,0.7065,0.6629,0.6194,0.75
2030-02-25,2.63,41.7,0.0,196.94,-1.71,0.8978,614.95,0.75,0.727,0.704,0.681,0.75
2030-02-26,2.99,45.7,0.0,174.19,-1.19,0.8996,616.14,0.75,0.7274,0.7048,0.6822,0.75
2030-02-27,-0.5,46.7,0.0,150.83,-4.08,0.9013,617.35,0.75,0.7278,0.7056,0.6834,0.75
2030-02-28,3.05,51.8,0.0,146.48,-0.76,0.9031,618.58,0.75,0.7282,0.7064,0.6846,0.75
2030-03-01,-1.64,57.4,0.0,167.56,-4.56,0.905,619.85,0.75,0.7286,0.7072,0.6859,0.75
2030-03-02,2.56,50.1,0.0,205.85,-1.3,0.8162,559.02,0.75,0.7086,0.6673,0.6259,0.75
2030-03-03,1.88,47.2,0.0,183.88,-2.04,0.8179,560.2,0.75,0.709,0.6681,0.6271,0.75
2030-03-04,2.77,41.2,0.0,206.53,-1.62,0.9107,623.78,0.75,0.7299,0.7098,0.6897,0.75
2030-03-05,2.07,53.5,0.71,166.82,-1.51,0.9127,625.14,0.75,0.7304,0.7107,0.6911,0.75
2030-03-06,3.9,44.5,0.0,142.24,-0.5,0.9147,626.52,0.75,0.7308,0.7116,0.6924,0.75
2030-03-07,1.74,49.5,0.0,172.16,-2.03,0.9168,627.93,0.75,0.7313,0.7126,0.6938,0.75
2030-03-08,5.33,45.2,0.0,177.45,0.75,0.9189,629.36,0.75,0.7317,0.7135,0.6952,0.75
2030-03-09,6.82,42.6,0.0,155.78,1.79,0.8289,567.73,0.75,0.7115,0.673,0.6345,0.75
2030-03-10,6.06,42.5,0.0,185.39,1.16,0.8308,569.06,0.75,0.7119,0.6739,0.6358,0.75
2030-03-11,1.55,52.6,0.0,196.48,-2.02,0.9253,633.79,0.75,0.7332,0.7164,0.6996,0.75
2030-03-12,5.77,48.4,0.0,169.93,1.35,0.9275,635.3,0.75,0.7337,0.7174,0.7011,0.75
2030-03-13,5.53,42.1,0.0,174.83,0.7,0.9298,636.84,0.75,0.7342,0.7184,0.7026,0.75
2030-03-14,1.32,59.3,0.0,154.88,-1.82,0.9321,638.4,0.75,0.7347,0.7194,0.7041,0.75
2030-03-15,6.91,42.3,0.0,151.77,1.85,0.9344,639.98,0.75,0.7352,0.7205,0.7057,0.75
2030-03-16,7.89,48.6,0.0,174.83,3.17,0.843,577.42,0.75,0.7147,0.6794,0.644,0.75
2030-03-17,5.61,45.6,0.0,185.52,1.0,0.8452,578.87,0.75,0.7152,0.6803,0.6455,0.75
2030-03-18,3.08,44.9,0.0,185.41,-1.16,0.9414,644.82,0.75,0.7368,0.7236,0.7105,0.75
2030-03-19,4.1,50.4,0.0,138.44,0.06,0.9439,646.48,0.75,0.7374,0.7247,0.7121,0.75
2030-03-20,6.41,48.2,0.0,237.95,1.88,0.9463,648.15,0.75,0.7379,0.7258,0.7137,0.75
2030-03-21,6.68,48.6,0.0,203.16,2.14,0.9488,649.83,0.75,0.7385,0.7269,0.7154,0.75
2030-03-22,6.46,50.8,0.0,162.57,2.12,0.9512,651.53,0.75,0.739,0.7281,0.7171,0.75
2030-03-23,9.49,50.1,0.0,193.29,4.67,0.8584,587.93,0.75,0.7181,0.6863,0.6544,0.75
2030-03-24,12.4,42.9,0.0,174.81,6.44,0.8607,589.49,0.75,0.7186,0.6873,0.6559,0.75
2030-03-25,11.22,40.9,0.0,187.68,5.26,0.9588,656.74,0.75,0.7407,0.7315,0.7222,0.75
2030-03-26,9.85,42.6,0.0,155.19,4.3,0.9614,658.5,0.75,0.7413,0.7326,0.724,0.75
2030-03-27,5.78,55.0,0.0,149.27,1.85,0.964,660.28,0.75,0.7419,0.7338,0.7257,0.75
2030-03-28,8.28,57.0,3.38,174.51,4.22,0.9666,662.07,0.75,0.7425,0.735,0.7275,0.75
2030-03-29,8.52,60.4,0.0,202.64,4.73,0.9692,663.87,0.75,0.7431,0.7362,0.7292,0.75
2030-03-30,10.77,49.6,0.0,198.87,5.73,0.8747,599.11,0.75,0.7218,0.6936,0.6654,0.75
2030-03-31,10.17,57.7,0.0,176.06,5.96,0.8771,600.76,0.75,0.7223,0.6947,0.667,0.75
2030-04-01,7.37,54.3,0.0,182.28,3.19,0.9772,669.35,0.75,0.7449,0.7398,0.7346,0.75
2030-04-02,12.69,50.5,0.0,152.12,7.47,0.9799,671.2,0.75,0.7455,0.741,0.7365,0.75
2030-04-03,12.89,50.7,0.0,156.8,7.66,0.9827,673.05,0.75,0.7461,0.7422,0.7383,0.75
2030-04-04,10.73,50.4,0.0,133.79,5.77,0.9854,674.92,0.75,0.7467,0.7434,0.7401,0.75
2030-04-05,14.02,50.9,0.0,150.8,8.66,0.9881,676.8,0.75,0.7473,0.7447,0.742,0.75
2030-04-06,11.08,58.6,0.0,169.5,6.86,0.8918,610.82,0.75,0.7257,0.7013,0.677,0.75
2030-04-07,9.91,58.5,0.0,163.2,5.8,0.8943,612.52,0.75,0.7262,0.7024,0.6786,0.75
2030-04-08,8.11,60.3,0.0,170.15,4.35,0.9964,682.48,0.75,0.7492,0.7484,0.7476,0.75
2030-04-09,7.66,58.4,2.08,156.26,3.78,0.9992,684.38,0.75,0.7498,0.7496,0.7495,0.75
2030-04-10,9.43,49.6,0.0,175.27,4.57,1.002,686.3,0.75,0.7504,0.7509,0.7513,0.75
2030-04-11,9.24,45.5,0.0,194.92,4.06,1.0048,688.21,0.75,0.7511,0.7522,0.7532,0.75
2030-04-12,10.92,68.4,0.0,149.9,7.66,1.0076,690.14,0.75,0.7517,0.7534,0.7551,0.75
2030-04-13,13.55,43.1,0.0,170.11,7.42,0.9094,622.86,0.75,0.7296,0.7092,0.6888,0.75
2030-04-14,18.61,44.6,0.0,168.76,11.81,0.9119,624.6,0.75,0.7302,0.7104,0.6905,0.75
2030-04-15,18.96,41.3,0.0,170.95,11.66,1.0161,695.93,0.75,0.7536,0.7572,0.7608,0.75
2030-04-16,18.46,47.7,0.0,163.92,12.08,1.0189,697.87,0.75,0.7543,0.7585,0.7628,0.75
2030-04-17,20.37,56.5,0.0,153.9,14.88,1.0217,699.81,0.75,0.7549,0.7598,0.7647,0.75
2030-04-18,20.53,42.9,0.0,188.99,13.17,1.0246,701.75,0.75,0.7555,0.7611,0.7666,0.75
2030-04-19,15.68,49.6,0.0,174.47,9.94,1.0274,703.69,0.75,0.7562,0.7623,0.7685,0.75
2030-04-20,14.08,60.4,0.0,143.84,9.73,0.9272,635.07,0.75,0.7336,0.7172,0.7009,0.75
2030-04-21,14.79,51.7,0.0,172.46,9.41,0.9298,636.82,0.75,0.7342,0.7184,0.7026,0.75
2030-04-22,14.53,63.6,0.0,179.78,10.49,1.0359,709.52,0.75,0.7581,0.7662,0.7742,0.75
2030-04-23,20.51,46.7,0.0,206.83,13.68,1.0387,711.46,0.75,0.7587,0.7674,0.7761,0.75
2030-04-24,20.61,60.1,0.0,177.48,15.57,1.0416,713.4,0.75,0.7594,0.7687,0.7781,0.75
2030-04-25,15.21,57.3,0.0,215.62,10.4,1.0444,715.34,0.75,0.76,0.77,0.78,0.75
2030-04-26,11.82,67.9,0.0,171.48,8.45,1.0472,717.27,0.75,0.7606,0.7712,0.7819,0.75
2030-04-27,15.23,69.2,0.0,186.95,11.75,0.945,647.28,0.75,0.7376,0.7253,0.7129,0.75
2030-04-28,14.65,67.0,0.0,200.26,10.97,0.9476,649.01,0.75,0.7382,0.7264,0.7146,0.75
2030-04-29,17.27,46.9,0.0,201.01,10.97,1.0556,723.04,0.75,0.7625,0.775,0.7876,0.75
2030-04-30,12.22,68.7,0.0,218.23,8.9,1.0584,724.96,0.75,0.7631,0.7763,0.7894,0.75
2030-05-01,14.03,66.0,0.0,154.97,10.28,1.0612,726.87,0.75,0.7638,0.7776,0.7913,0.75
2030-05-02,14.79,61.1,0.0,217.52,10.45,1.064,728.77,0.75,0.7644,0.7788,0.7932,0.75
2030-05-03,14.72,69.8,0.0,195.9,11.35,1.0668,730.67,0.75,0.765,0.78,0.7951,0.75
2030-05-04,14.82,68.6,18.61,175.49,11.3,0.9626,659.3,0.75,0.7416,0.7332,0.7247,0.75
2030-05-05,13.88,65.2,10.71,205.54,10.06,0.965,660.99,0.75,0.7421,0.7343,0.7264,0.75
2030-05-06,16.26,71.3,0.0,165.9,12.94,1.075,736.31,0.75,0.7669,0.7838,0.8006,0.75
2030-05-07,17.51,68.6,0.0,210.59,13.8,1.0777,738.17,0.75,0.7675,0.785,0.8025,0.75
2030-05-08,19.43,63.2,4.63,159.92,14.9,1.0804,740.02,0.75,0.7681,0.7862,0.8043,0.75
2030-05-09,19.47,53.7,0.0,175.44,13.73,1.0831,741.86,0.75,0.7687,0.7874,0.8061,0.75
2030-05-10,20.11,54.5,0.0,176.92,14.39,1.0858,743.69,0.75,0.7693,0.7886,0.8079,0.75
2030-05-11,23.41,52.8,0.0,199.37,17.05,0.9796,670.96,0.75,0.7454,0.7408,0.7362,0.75
2030-05-12,23.58,57.1,0.0,209.37,17.81,0.982,672.59,0.75,0.7459,0.7419,0.7378,0.75
2030-05-13,21.13,66.6,0.0,222.45,16.9,1.0937,749.11,0.75,0.7711,0.7922,0.8133,0.75
2030-05-14,21.96,59.8,0.0,201.4,16.74,1.0963,750.9,0.75,0.7717,0.7933,0.815,0.75
2030-05-15,22.15,65.6,0.0,234.89,17.7,1.0989,752.66,0.75,0.7723,0.7945,0.8168,0.75
2030-05-16,20.1,58.6,0.0,266.11,14.92,1.1015,754.42,0.75,0.7728,0.7957,0.8185,0.75
2030-05-17,16.77,69.9,0.0,181.33,13.26,1.104,756.16,0.75,0.7734,0.7968,0.8202,0.75
2030-05-18,19.87,75.1,0.0,209.86,16.8,0.9959,682.09,0.75,0.7491,0.7481,0.7472,0.75
2030-05-19,17.91,69.0,0.0,236.52,14.21,0.9981,683.63,0.75,0.7496,0.7491,0.7487,0.75
2030-05-20,16.44,66.7,0.0,221.59,12.59,1.1115,761.28,0.75,0.7751,0.8002,0.8252,0.75
2030-05-21,19.92,64.8,0.0,203.95,15.55,1.1139,762.96,0.75,0.7756,0.8013,0.8269,0.75
2030-05-22,23.16,56.2,0.0,221.0,17.31,1.1163,764.62,0.75,0.7762,0.8024,0.8285,0.75
2030-05-23,24.48,61.8,0.0,169.47,19.3,1.1187,766.26,0.75,0.7767,0.8034,0.8301,0.75
2030-05-24,24.08,63.4,0.0,211.48,19.16,1.1211,767.88,0.75,0.7772,0.8045,0.8317,0.75
2030-05-25,27.58,49.7,0.0,227.47,20.17,1.0111,692.54,0.75,0.7525,0.755,0.7575,0.75
2030-05-26,21.87,63.0,0.0,222.49,17.1,1.0132,693.96,0.75,0.753,0.7559,0.7589,0.75
2030-05-27,17.86,81.2,0.0,197.27,15.61,1.128,772.64,0.75,0.7788,0.8076,0.8364,0.75
2030-05-28,17.49,73.6,0.0,181.08,14.36,1.1303,774.18,0.75,0.7793,0.8086,0.838,0.75
2030-05-29,18.33,62.5,0.0,228.7,13.82,1.1325,775.71,0.75,0.7798,0.8096,0.8395,0.75
2030-05-30,21.52,65.9,0.0,221.92,17.15,1.1347,777.21,0.75,0.7803,0.8106,0.8409,0.75
2030-05-31,19.78,68.4,1.51,204.6,15.87,1.1369,778.69,0.75,0.7808,0.8116,0.8424,0.75
2030-06-01,21.28,80.0,0.0,203.58,18.76,1.0251,702.14,0.75,0.7557,0.7613,0.767,0.75
2030-06-02,18.12,80.8,0.0,291.14,15.82,1.027,703.43,0.75,0.7561,0.7622,0.7682,0.75
2030-06-03,18.58,85.4,1.26,290.99,16.82,1.1432,783.01,0.75,0.7822,0.8144,0.8467,0.75
2030-06-04,19.47,69.8,0.0,210.3,15.76,1.1452,784.4,0.75,0.7827,0.8154,0.848,0.75
2030-06-05,22.13,56.3,0.0,212.59,16.41,1.1472,785.77,0.75,0.7831,0.8163,0.8494,0.75
2030-06-06,22.09,65.2,0.0,218.09,17.59,1.1492,787.12,0.75,0.7836,0.8171,0.8507,0.75
2030-06-07,25.1,68.2,3.27,221.57,20.78,1.1511,788.44,0.75,0.784,0.818,0.852,0.75
2030-06-08,27.01,68.9,14.24,236.52,22.65,1.0377,710.76,0.75,0.7585,0.767,0.7755,0.75
2030-06-09,28.25,70.8,0.0,230.93,24.09,1.0394,711.9,0.75,0.7589,0.7677,0.7766,0.75
2030-06-10,27.15,56.7,0.34,251.45,20.92,1.1567,792.25,0.75,0.7853,0.8205,0.8558,0.75
2030-06-11,28.48,62.3,0.0,206.74,22.98,1.1585,793.47,0.75,0.7857,0.8213,0.857,0.75
2030-06-12,27.72,58.3,10.2,248.26,21.68,1.1602,794.66,0.75,0.786,0.8221,0.8581,0.75
2030-06-13,23.53,65.1,0.9,287.76,18.89,1.1619,795.83,0.75,0.7864,0.8229,0.8593,0.75
2030-06-14,23.08,67.1,0.0,292.69,18.75,1.1636,796.97,0.75,0.7868,0.8236,0.8604,0.75
2030-06-15,27.42,60.9,12.58,253.69,21.82,1.0487,718.28,0.75,0.761,0.7719,0.7829,0.75
2030-06-16,26.77,61.7,0.0,273.31,21.35,1.0501,719.25,0.75,0.7613,0.7725,0.7838,0.75
2030-06-17,28.53,65.7,0.0,269.95,23.56,1.1683,800.23,0.75,0.7879,0.8257,0.8636,0.75
2030-06-18,25.43,74.7,6.88,238.69,22.01,1.1698,801.26,0.75,0.7882,0.8264,0.8646,0.75
2030-06-19,29.03,63.8,0.0,259.45,23.73,1.1713,802.26,0.75,0.7885,0.8271,0.8656,0.75
2030-06-20,31.39,69.8,5.58,294.34,26.85,1.1727,803.23,0.75,0.7889,0.8277,0.8666,0.75
2030-06-21,32.52,66.3,8.39,225.67,27.33,1.1741,804.17,0.75,0.7892,0.8283,0.8675,0.75
2030-06-22,32.21,61.9,0.0,255.88,26.31,1.0579,724.58,0.75,0.763,0.776,0.7891,0.75
2030-06-23,24.98,76.7,1.29,244.03,21.86,1.059,725.37,0.75,0.7633,0.7766,0.7899,0.75
2030-06-24,32.48,48.4,48.16,276.02,24.13,1.178,806.82,0.75,0.79,0.8301,0.8701,0.75
2030-06-25,28.72,62.3,0.0,278.02,23.21,1.1792,807.65,0.75,0.7903,0.8306,0.8709,0.75
2030-06-26,28.09,68.5,0.0,255.18,23.59,1.1803,808.44,0.75,0.7906,0.8311,0.8717,0.75
2030-06-27,30.59,60.7,3.71,321.79,24.64,1.1814,809.2,0.75,0.7908,0.8316,0.8725,0.75
2030-06-28,26.62,70.5,3.07,252.83,22.51,1.1825,809.94,0.75,0.7911,0.8321,0.8732,0.75
2030-06-29,29.49,71.0,0.71,252.63,25.28,1.0652,729.57,0.75,0.7647,0.7793,0.794,0.75
2030-06-30,29.5,65.0,0.0,316.5,24.35,1.0661,730.17,0.75,0.7649,0.7797,0.7946,0.75
2030-07-01,28.06,70.7,2.4,260.2,23.9,1.1854,811.94,0.75,0.7917,0.8334,0.8752,0.75
2030-07-02,29.72,70.9,0.0,276.52,25.48,1.1863,812.55,0.75,0.7919,0.8338,0.8758,0.75
2030-07-03,32.71,63.8,1.97,271.68,27.08,1.1872,813.12,0.75,0.7921,0.8342,0.8763,0.75
2030-07-04,32.29,56.2,0.0,286.2,25.38,1.188,813.67,0.75,0.7923,0.8346,0.8769,0.75
2030-07-05,30.45,62.6,2.01,218.47,24.82,1.1887,814.18,0.75,0.7925,0.8349,0.8774,0.75
2030-07-06,28.29,72.7,0.0,321.55,24.4,1.0705,733.19,0.75,0.7659,0.7817,0.7976,0.75
2030-07-07,30.36,72.2,0.0,308.25,26.28,1.071,733.59,0.75,0.766,0.782,0.798,0.75
2030-07-08,32.34,61.4,0.0,278.81,26.34,1.1906,815.51,0.75,0.7929,0.8358,0.8787,0.75
2030-07-09,32.11,68.0,24.46,286.02,27.24,1.1912,815.89,0.75,0.793,0.836,0.8791,0.75
2030-07-10,30.77,69.7,0.0,294.59,26.26,1.1917,816.24,0.75,0.7931,0.8363,0.8794,0.75
2030-07-11,30.25,72.9,0.0,310.8,26.27,1.1922,816.55,0.75,0.7932,0.8365,0.8797,0.75
2030-07-12,27.76,68.3,3.83,343.09,23.26,1.1926,816.84,0.75,0.7933,0.8367,0.88,0.75
2030-07-13,27.3,74.9,29.28,287.44,23.8,1.0736,735.37,0.75,0.7666,0.7831,0.7997,0.75
2030-07-14,25.42,79.2,0.0,269.02,22.62,1.0739,735.57,0.75,0.7666,0.7833,0.7999,0.75
2030-07-15,26.24,76.4,0.0,268.65,23.01,1.1935,817.48,0.75,0.7935,0.8371,0.8806,0.75
2030-07-16,27.97,80.1,0.0,288.43,25.19,1.1937,817.63,0.75,0.7936,0.8372,0.8808,0.75
2030-07-17,27.38,71.1,1.94,284.89,23.32,1.1939,817.74,0.75,0.7936,0.8373,0.8809,0.75
2030-07-18,27.31,73.7,0.08,286.54,23.64,1.194,817.82,0.75,0.7937,0.8373,0.881,0.75
2030-07-19,29.0,74.4,14.05,309.53,25.33,1.1941,817.87,0.75,0.7937,0.8373,0.881,0.75
2030-07-20,28.56,68.0,6.9,312.22,23.94,1.0747,736.1,0.75,0.7668,0.7836,0.8004,0.75
2030-07-21,33.2,59.7,7.77,289.31,26.83,1.0747,736.08,0.75,0.7668,0.7836,0.8004,0.75
2030-07-22,30.48,64.8,37.8,318.61,25.22,1.194,817.82,0.75,0.7937,0.8373,0.881,0.75
2030-07-23,34.35,61.3,22.44,262.59,28.13,1.1939,817.73,0.75,0.7936,0.8372,0.8809,0.75
2030-07-24,31.24,59.6,0.0,325.31,25.05,1.1937,817.61,0.75,0.7936,0.8372,0.8808,0.75
2030-07-25,28.07,65.4,0.0,344.72,23.1,1.1935,817.46,0.75,0.7935,0.8371,0.8806,0.75
2030-07-26,25.44,67.8,7.41,351.66,21.04,1.1932,817.27,0.75,0.7935,0.8369,0.8804,0.75
2030-07-27,24.77,77.7,0.0,341.94,21.79,1.0736,735.35,0.75,0.7666,0.7831,0.7997,0.75
2030-07-28,28.34,68.9,9.13,277.67,23.88,1.0733,735.12,0.75,0.7665,0.783,0.7995,0.75
2030-07-29,31.52,66.4,0.0,324.87,26.42,1.1921,816.52,0.75,0.7932,0.8365,0.8797,0.75
2030-07-30,29.73,65.4,0.78,352.81,24.62,1.1916,816.2,0.75,0.7931,0.8362,0.8794,0.75
2030-07-31,29.84,72.4,0.0,300.32,25.82,1.1911,815.85,0.75,0.793,0.836,0.879,0.75
2030-08-01,25.9,75.9,7.1,313.72,22.62,1.1906,815.46,0.75,0.7929,0.8358,0.8786,0.75
2030-08-02,26.14,87.9,1.83,347.06,24.53,1.19,815.05,0.75,0.7927,0.8355,0.8782,0.75
2030-08-03,24.48,72.3,0.45,319.39,20.78,1.0704,733.14,0.75,0.7658,0.7817,0.7975,0.75
2030-08-04,28.88,73.8,0.12,324.62,25.13,1.0697,732.7,0.75,0.7657,0.7814,0.7971,0.75
2030-08-05,29.57,68.7,0.0,333.46,24.99,1.1879,813.6,0.75,0.7923,0.8345,0.8768,0.75
2030-08-06,28.93,66.9,4.9,398.03,24.12,1.1871,813.05,0.75,0.7921,0.8342,0.8763,0.75
2030-08-07,25.4,72.8,0.0,257.86,21.71,1.1862,812.47,0.75,0.7919,0.8338,0.8757,0.75
2030-08-08,29.61,64.8,12.49,284.05,24.41,1.1853,811.86,0.75,0.7917,0.8334,0.8751,0.75
2030-08-09,29.67,67.3,0.0,255.51,24.87,1.1844,811.22,0.75,0.7915,0.833,0.8745,0.75
2030-08-10,25.98,73.3,0.0,318.81,22.33,1.0651,729.49,0.75,0.7646,0.7793,0.7939,0.75
2030-08-11,25.3,72.5,4.8,356.1,21.58,1.0641,728.86,0.75,0.7644,0.7789,0.7933,0.75
2030-08-12,22.7,83.8,0.0,280.96,20.62,1.1813,809.11,0.75,0.7908,0.8316,0.8724,0.75
2030-08-13,20.69,88.7,8.15,322.63,19.28,1.1802,808.34,0.75,0.7905,0.8311,0.8716,0.75
2030-08-14,23.11,76.9,0.0,350.84,20.1,1.179,807.54,0.75,0.7903,0.8306,0.8708,0.75
2030-08-15,23.8,71.3,0.0,317.1,20.0,1.1778,806.72,0.75,0.79,0.83,0.87,0.75
2030-08-16,25.7,77.0,0.0,340.9,22.58,1.1766,805.86,0.75,0.7897,0.8294,0.8692,0.75
2030-08-17,26.41,70.2,15.81,368.64,22.28,1.0577,724.47,0.75,0.763,0.776,0.789,0.75
2030-08-18,31.95,64.3,3.63,296.74,26.48,1.0565,723.65,0.75,0.7627,0.7754,0.7882,0.75
2030-08-19,32.63,65.3,2.49,258.63,27.28,1.1725,803.11,0.75,0.7888,0.8276,0.8665,0.75
2030-08-20,35.93,54.2,0.0,355.04,28.23,1.1711,802.13,0.75,0.7885,0.827,0.8655,0.75
2030-08-21,30.47,65.3,0.0,374.56,25.29,1.1696,801.13,0.75,0.7882,0.8263,0.8645,0.75
2030-08-22,26.74,76.5,0.0,340.5,23.51,1.1681,800.1,0.75,0.7878,0.8257,0.8635,0.75
2030-08-23,29.01,61.9,0.0,353.67,23.41,1.1666,799.03,0.75,0.7875,0.825,0.8624,0.75
2030-08-24,24.54,75.8,7.12,275.82,21.31,1.0485,718.15,0.75,0.7609,0.7718,0.7827,0.75
2030-08-25,25.53,71.0,0.0,260.14,21.57,1.047,717.15,0.75,0.7606,0.7712,0.7817,0.75
2030-08-26,23.12,74.7,0.0,386.44,19.83,1.1617,795.69,0.75,0.7864,0.8228,0.8591,0.75
2030-08-27,22.65,71.5,0.0,365.54,18.95,1.16,794.51,0.75,0.786,0.822,0.858,0.75
2030-08-28,23.46,69.9,0.0,370.36,19.5,1.1582,793.32,0.75,0.7856,0.8212,0.8568,0.75
2030-08-29,23.31,72.7,0.0,302.93,19.72,1.1565,792.09,0.75,0.7852,0.8204,0.8556,0.75
2030-08-30,21.15,68.9,0.0,271.12,17.21,1.1546,790.85,0.75,0.7848,0.8196,0.8544,0.75
2030-08-31,21.71,70.1,0.0,355.26,17.89,1.0375,710.61,0.75,0.7584,0.7669,0.7753,0.75
2030-09-01,25.43,73.5,0.0,383.63,21.84,1.0358,709.44,0.75,0.7581,0.7661,0.7742,0.75
2030-09-02,25.59,68.6,0.0,265.46,21.28,1.1489,786.95,0.75,0.7835,0.817,0.8505,0.75
2030-09-03,26.44,62.6,0.0,285.44,21.19,1.147,785.6,0.75,0.7831,0.8161,0.8492,0.75
2030-09-04,22.5,72.3,0.0,273.06,18.91,1.145,784.23,0.75,0.7826,0.8152,0.8479,0.75
2030-09-05,24.75,71.0,0.0,382.32,20.85,1.1429,782.83,0.75,0.7822,0.8143,0.8465,0.75
2030-09-06,21.48,75.9,0.0,357.43,18.42,1.1409,781.41,0.75,0.7817,0.8134,0.8451,0.75
2030-09-07,20.07,73.1,4.27,328.18,16.74,1.0249,701.97,0.75,0.7556,0.7612,0.7668,0.75
2030-09-08,21.94,67.7,0.0,320.45,17.78,1.023,700.66,0.75,0.7552,0.7603,0.7655,0.75
2030-09-09,22.95,62.4,0.0,294.09,18.0,1.1345,777.02,0.75,0.7803,0.8105,0.8408,0.75
2030-09-10,18.35,77.0,0.0,328.35,15.59,1.1323,775.52,0.75,0.7798,0.8095,0.8393,0.75
2030-09-11,21.76,71.0,0.0,408.61,18.05,1.13,773.99,0.75,0.7793,0.8085,0.8378,0.75
2030-09-12,23.5,72.5,0.0,333.17,19.89,1.1278,772.44,0.75,0.7787,0.8075,0.8362,0.75
2030-09-13,20.05,74.0,0.0,328.84,16.83,1.1255,770.87,0.75,0.7782,0.8065,0.8347,0.75
2030-09-14,18.36,71.0,0.0,338.59,14.87,1.0108,692.36,0.75,0.7524,0.7549,0.7573,0.75
2030-09-15,21.41,58.2,0.0,324.19,16.03,1.0087,690.91,0.75,0.752,0.7539,0.7559,0.75
2030-09-16,24.7,67.6,2.63,360.8,20.32,1.1184,766.05,0.75,0.7766,0.8033,0.8299,0.75
2030-09-17,24.29,67.3,0.0,272.9,19.9,1.116,764.41,0.75,0.7761,0.8022,0.8283,0.75
2030-09-18,19.83,58.2,0.0,347.24,14.63,1.1136,762.75,0.75,0.7756,0.8011,0.8267,0.75
2030-09-19,15.92,76.0,0.0,363.29,13.16,1.1112,761.07,0.75,0.775,0.8,0.825,0.75
2030-09-20,15.93,68.9,0.0,398.21,12.37,1.1087,759.38,0.75,0.7745,0.7989,0.8234,0.75
2030-09-21,17.22,79.1,0.0,349.73,14.76,0.9956,681.9,0.75,0.749,0.748,0.747,0.75
2030-09-22,19.98,61.1,3.27,373.65,15.13,0.9933,680.35,0.75,0.7485,0.747,0.7455,0.75
2030-09-23,22.35,66.4,0.0,289.08,17.98,1.1011,754.2,0.75,0.7728,0.7955,0.8183,0.75
2030-09-24,20.56,58.1,0.0,256.11,15.26,1.0986,752.44,0.75,0.7722,0.7944,0.8165,0.75
2030-09-25,21.97,57.4,0.0,357.71,16.43,1.096,750.67,0.75,0.7716,0.7932,0.8148,0.75
2030-09-26,18.09,73.0,0.0,395.76,14.86,1.0934,748.89,0.75,0.771,0.792,0.813,0.75
2030-09-27,14.76,78.6,0.0,314.06,12.35,1.0908,747.09,0.75,0.7704,0.7908,0.8113,0.75
2030-09-28,18.71,64.0,0.0,339.89,14.35,0.9793,670.75,0.75,0.7453,0.7407,0.736,0.75
2030-09-29,17.62,67.2,0.0,344.95,13.74,0.9769,669.12,0.75,0.7448,0.7396,0.7344,0.75
2030-09-30,21.84,51.3,0.0,371.02,15.47,1.0828,741.63,0.75,0.7686,0.7873,0.8059,0.75
2030-10-01,24.81,50.5,1.23,293.5,17.91,1.0801,739.79,0.75,0.768,0.786,0.8041,0.75
2030-10-02,20.54,64.2,0.0,413.26,16.05,1.0774,737.93,0.75,0.7674,0.7848,0.8022,0.75
2030-10-03,21.8,55.3,1.46,358.64,15.99,1.0747,736.07,0.75,0.7668,0.7836,0.8004,0.75
2030-10-04,21.84,45.1,0.0,347.73,14.58,1.0719,734.2,0.75,0.7662,0.7824,0.7986,0.75
2030-10-05,14.96,66.1,0.0,301.84,11.16,0.9623,659.09,0.75,0.7415,0.733,0.7245,0.75
2030-10-06,13.15,67.0,0.0,344.8,9.58,0.9598,657.39,0.75,0.741,0.7319,0.7229,0.75
2030-10-07,17.65,57.7,4.14,399.07,12.62,1.0637,728.53,0.75,0.7643,0.7786,0.793,0.75
2030-10-08,18.54,70.3,0.23,361.07,14.95,1.0609,726.63,0.75,0.7637,0.7774,0.7911,0.75
2030-10-09,20.47,50.7,0.0,267.73,14.19,1.0581,724.72,0.75,0.7631,0.7761,0.7892,0.75
2030-10-10,17.06,59.2,4.88,295.31,12.28,1.0553,722.8,0.75,0.7624,0.7749,0.7873,0.75
2030-10-11,14.42,63.8,0.0,294.59,10.41,1.0525,720.88,0.75,0.7618,0.7736,0.7854,0.75
2030-10-12,9.78,64.8,0.0,384.3,6.27,0.9447,647.06,0.75,0.7376,0.7251,0.7127,0.75
2030-10-13,10.21,65.4,7.77,406.34,6.72,0.9422,645.32,0.75,0.737,0.724,0.711,0.75
2030-10-14,9.24,60.3,0.0,312.02,5.38,1.044,715.09,0.75,0.7599,0.7698,0.7797,0.75
2030-10-15,14.12,58.6,0.0,302.58,9.58,1.0412,713.16,0.75,0.7593,0.7685,0.7778,0.75
2030-10-16,13.74,55.4,0.0,341.0,8.9,1.0384,711.22,0.75,0.7586,0.7673,0.7759,0.75
2030-10-17,14.07,55.6,0.0,309.34,9.2,1.0355,709.28,0.75,0.758,0.766,0.774,0.75
2030-10-18,16.82,53.8,4.03,363.74,11.42,1.0327,707.33,0.75,0.7574,0.7647,0.7721,0.75
2030-10-19,11.48,69.0,0.0,344.43,8.25,0.9269,634.85,0.75,0.7335,0.7171,0.7006,0.75
2030-10-20,11.53,56.2,0.0,321.36,7.03,0.9243,633.1,0.75,0.733,0.7159,0.6989,0.75
2030-10-21,12.72,62.0,0.0,391.4,8.67,1.0242,701.51,0.75,0.7554,0.7609,0.7663,0.75
2030-10-22,11.58,56.3,0.0,324.67,7.08,1.0214,699.57,0.75,0.7548,0.7596,0.7644,0.75
2030-10-23,13.87,52.7,0.0,318.27,8.73,1.0185,697.63,0.75,0.7542,0.7583,0.7625,0.75
2030-10-24,7.76,57.4,0.0,339.93,3.79,1.0157,695.69,0.75,0.7535,0.7571,0.7606,0.75
2030-10-25,11.35,56.2,0.0,384.83,6.86,1.0129,693.75,0.75,0.7529,0.7558,0.7587,0.75
2030-10-26,10.48,57.7,1.01,322.09,6.24,0.9091,622.64,0.75,0.7295,0.7091,0.6886,0.75
2030-10-27,15.17,52.8,0.0,367.04,9.86,0.9065,620.91,0.75,0.729,0.7079,0.6869,0.75
2030-10-28,13.27,45.8,0.34,359.16,7.47,1.0044,687.97,0.75,0.751,0.752,0.753,0.75
2030-10-29,10.97,58.9,0.0,345.36,6.79,1.0016,686.05,0.75,0.7504,0.7507,0.7511,0.75
2030-10-30,10.67,52.7,0.0,410.88,5.94,0.9988,684.14,0.75,0.7497,0.7495,0.7492,0.75
2030-10-31,10.57,52.3,0.0,367.72,5.81,0.9961,682.24,0.75,0.7491,0.7482,0.7473,0.75
2030-11-01,6.61,67.7,0.0,270.67,3.61,0.9933,680.34,0.75,0.7485,0.747,0.7455,0.75
2030-11-02,5.63,61.4,0.0,364.6,2.2,0.8915,610.6,0.75,0.7256,0.7012,0.6767,0.75
2030-11-03,5.12,72.5,0.0,303.2,2.62,0.889,608.9,0.75,0.725,0.7001,0.6751,0.75
2030-11-04,5.44,53.6,0.0,345.82,1.44,0.985,674.69,0.75,0.7466,0.7433,0.7399,0.75
2030-11-05,5.96,61.5,0.0,264.41,2.51,0.9823,672.82,0.75,0.746,0.742,0.7381,0.75
2030-11-06,5.48,54.8,0.0,345.18,1.57,0.9796,670.96,0.75,0.7454,0.7408,0.7362,0.75
2030-11-07,8.08,47.8,0.0,290.57,3.27,0.9769,669.11,0.75,0.7448,0.7396,0.7344,0.75
2030-11-08,6.63,57.6,0.0,305.58,2.8,0.9742,667.28,0.75,0.7442,0.7384,0.7326,0.75
2030-11-09,14.0,42.8,0.0,309.69,7.76,0.8744,598.91,0.75,0.7217,0.6935,0.6652,0.75
2030-11-10,7.91,50.5,0.0,360.7,3.35,0.872,597.28,0.75,0.7212,0.6924,0.6636,0.75
2030-11-11,5.66,55.0,0.0,342.76,1.75,0.9663,661.84,0.75,0.7424,0.7348,0.7272,0.75
2030-11-12,9.53,51.8,0.0,299.57,4.85,0.9637,660.05,0.75,0.7418,0.7337,0.7255,0.75
2030-11-13,8.1,44.8,0.0,330.94,3.04,0.9611,658.27,0.75,0.7412,0.7325,0.7237,0.75
2030-11-14,7.04,51.5,2.53,473.87,2.68,0.9585,656.51,0.75,0.7407,0.7313,0.722,0.75
2030-11-15,6.96,49.1,0.0,347.17,2.42,0.956,654.77,0.75,0.7401,0.7302,0.7203,0.75
2030-11-16,7.71,53.8,0.0,297.88,3.45,0.8581,587.73,0.75,0.7181,0.6861,0.6542,0.75
2030-11-17,6.28,53.8,0.0,320.24,2.19,0.8558,586.19,0.75,0.7176,0.6851,0.6527,0.75
2030-11-18,4.67,57.4,0.0,297.81,1.04,0.9484,649.62,0.75,0.7384,0.7268,0.7152,0.75
2030-11-19,-1.41,64.8,0.0,337.26,-3.96,0.946,647.93,0.75,0.7378,0.7257,0.7135,0.75
2030-11-20,-0.88,71.5,0.0,376.43,-3.07,0.9435,646.27,0.75,0.7373,0.7246,0.7119,0.75
2030-11-21,1.12,54.7,1.32,294.6,-2.27,0.9411,644.62,0.75,0.7368,0.7235,0.7103,0.75
2030-11-22,2.4,60.5,0.0,321.93,-0.77,0.9388,642.98,0.75,0.7362,0.7224,0.7087,0.75
2030-11-23,4.47,56.8,0.0,275.28,0.82,0.8428,577.23,0.75,0.7146,0.6792,0.6439,0.75
2030-11-24,5.87,33.8,0.0,348.84,0.4,0.8407,575.8,0.75,0.7141,0.6783,0.6424,0.75
2030-11-25,2.91,59.0,0.0,313.58,-0.42,0.9318,638.2,0.75,0.7346,0.7193,0.7039,0.75
2030-11-26,8.32,40.2,0.0,277.53,2.84,0.9295,636.65,0.75,0.7341,0.7183,0.7024,0.75
2030-11-27,1.95,54.1,0.0,322.52,-1.58,0.9273,635.11,0.75,0.7336,0.7173,0.7009,0.75
2030-11-28,1.86,58.1,0.0,341.66,-1.41,0.925,633.6,0.75,0.7331,0.7163,0.6994,0.75
2030-11-29,0.66,63.1,0.0,323.0,-2.18,0.9229,632.1,0.75,0.7326,0.7153,0.6979,0.75
2030-11-30,0.48,59.3,0.0,304.11,-2.57,0.8286,567.57,0.75,0.7114,0.6729,0.6343,0.75
2030-12-01,0.78,50.1,0.0,310.31,-2.82,0.8267,566.26,0.75,0.711,0.672,0.6331,0.75
2030-12-02,-0.17,60.4,0.0,303.15,-3.1,0.9165,627.75,0.75,0.7312,0.7124,0.6937,0.75
2030-12-03,0.83,47.4,0.0,310.2,-2.91,0.9145,626.35,0.75,0.7308,0.7115,0.6923,0.75
2030-12-04,1.65,40.1,5.55,311.56,-2.6,0.9125,624.97,0.75,0.7303,0.7106,0.6909,0.75
2030-12-05,3.72,51.7,0.0,341.63,-0.18,0.9105,623.61,0.75,0.7299,0.7097,0.6896,0.75
2030-12-06,-2.0,56.2,0.0,290.69,-4.94,0.9085,622.28,0.75,0.7294,0.7088,0.6883,0.75
2030-12-07,-2.79,57.4,0.0,313.08,-5.59,0.816,558.87,0.75,0.7086,0.6672,0.6258,0.75
2030-12-08,-2.89,50.0,0.0,262.06,-5.98,0.8143,557.72,0.75,0.7082,0.6664,0.6246,0.75
2030-12-09,-0.04,54.3,13.74,291.34,-3.31,0.9029,618.43,0.75,0.7282,0.7063,0.6845,0.75
2030-12-10,1.58,47.9,0.0,255.88,-2.26,0.9011,617.19,0.75,0.7277,0.7055,0.6832,0.75
2030-12-11,-0.69,56.8,2.37,236.71,-3.75,0.8993,615.99,0.75,0.7274,0.7047,0.6821,0.75
2030-12-12,-0.27,43.0,0.0,285.16,-4.04,0.8976,614.81,0.75,0.727,0.7039,0.6809,0.75
2030-12-13,0.81,53.0,0.38,255.25,-2.64,0.8959,613.65,0.75,0.7266,0.7032,0.6798,0.75
2030-12-14,-1.7,53.7,0.0,222.67,-4.8,0.8049,551.27,0.75,0.7061,0.6622,0.6183,0.75
2030-12-15,-0.7,51.8,0.0,313.62,-4.01,0.8034,550.28,0.75,0.7058,0.6615,0.6173,0.75
2030-12-16,-5.15,57.4,0.0,292.69,-7.69,0.8911,610.35,0.75,0.7255,0.701,0.6765,0.75
2030-12-17,-2.33,55.0,0.0,228.91,-5.29,0.8896,609.31,0.75,0.7252,0.7003,0.6755,0.75
2030-12-18,-2.18,55.3,0.0,259.37,-5.15,0.8881,608.3,0.75,0.7248,0.6997,0.6745,0.75
2030-12-19,-1.37,53.4,0.0,291.1,-4.52,0.8867,607.31,0.75,0.7245,0.699,0.6735,0.75
2030-12-20,-2.62,56.8,0.0,329.42,-5.47,0.8853,606.35,0.75,0.7242,0.6984,0.6726,0.75
2030-12-21,-1.48,41.0,0.0,234.07,-5.12,0.7955,544.88,0.75,0.704,0.658,0.612,0.75
2030-12-22,-1.7,47.9,0.0,354.61,-5.05,0.7943,544.07,0.75,0.7037,0.6575,0.6112,0.75
2030-12-23,-1.14,49.8,0.0,275.63,-4.49,0.8813,603.66,0.75,0.7233,0.6966,0.6699,0.75
2030-12-24,-2.14,53.7,0.0,231.09,-5.18,0.8801,602.82,0.75,0.723,0.6961,0.6691,0.75
2030-12-25,-0.74,48.3,0.0,279.16,-4.21,0.8789,602.01,0.75,0.7228,0.6955,0.6683,0.75
2030-12-26,-4.4,51.4,1.1,248.88,-7.24,0.8778,601.23,0.75,0.7225,0.695,0.6675,0.75
2030-12-27,-2.42,42.5,0.0,324.72,-5.84,0.8767,600.48,0.75,0.7223,0.6945,0.6668,0.75
2030-12-28,-0.87,46.8,0.0,254.24,-4.39,0.7881,539.79,0.75,0.7023,0.6546,0.607,0.75
2030-12-29,1.4,40.8,0.0,256.92,-2.77,0.7872,539.17,0.75,0.7021,0.6542,0.6064,0.75
2030-12-30,-2.86,53.0,3.22,218.71,-5.84,0.8737,598.43,0.75,0.7216,0.6932,0.6648,0.75
2030-12-31,-3.02,46.8,0.0,231.35,-6.21,0.8728,597.81,0.75,0.7214,0.6928,0.6641,0.75
