sample_id,components.AI_DC1.base_pue,components.AI_DC1.cooling.cycles_of_concentration,components.AI_DC1.temperature_coefficient,maximum_safe_ai_capacity_mw,first_failed_capacity_mw,limiting_constraint,constraint_margin,threshold_interval_mw,feasible_intervals_mw,reentrant_feasibility
0,1.350547802490836,3.518997545148146,0.007216524188131672,1250.0,0.0,reclaimed_water_substitution_ratio,0.4,"[None, 0.0]","[[250.0, 1250.0]]",True
1,1.3434312891655673,8.844553314883335,0.007854074086055913,1250.0,0.0,reclaimed_water_substitution_ratio,0.4,"[None, 0.0]","[[250.0, 1250.0]]",True
2,1.3507006254888227,4.631715063987052,0.0077688041371753395,1250.0,0.0,reclaimed_water_substitution_ratio,0.4,"[None, 0.0]","[[250.0, 1250.0]]",True
3,1.1527951589938052,3.784412457203942,0.007449709658884109,1500.0,0.0,reclaimed_water_substitution_ratio,0.4,"[None, 0.0]","[[250.0, 1500.0]]",True
4,1.2483308964271582,3.8521632045468817,0.006352656469587003,1250.0,0.0,reclaimed_water_substitution_ratio,0.4,"[None, 0.0]","[[250.0, 1250.0]]",True
5,1.1962657544102153,3.25275685502995,0.0022827843914330972,1250.0,0.0,reclaimed_water_substitution_ratio,0.4,"[None, 0.0]","[[250.0, 1250.0]]",True
6,1.3506348104532715,3.430375818622956,0.00736160952042955,1250.0,0.0,reclaimed_water_substitution_ratio,0.4,"[None, 0.0]","[[250.0, 1250.0]]",True
7,1.2547657814381696,6.1178299625151435,0.0008215830758164248,1500.0,0.0,reclaimed_water_substitution_ratio,0.4,"[None, 0.0]","[[250.0, 1500.0]]",True
8,1.3597338773818568,4.908806853235658,0.006517139518065741,1250.0,0.0,reclaimed_water_substitution_ratio,0.4,"[None, 0.0]","[[250.0, 1250.0]]",True
9,1.1741395813807167,4.170554990739367,0.0008807231249121729,1500.0,0.0,reclaimed_water_substitution_ratio,0.4,"[None, 0.0]","[[250.0, 1500.0]]",True
10,1.2045767630819852,8.091786411099513,0.004367595302342335,1500.0,0.0,reclaimed_water_substitution_ratio,0.4,"[None, 0.0]","[[250.0, 1500.0]]",True
11,1.2179946801508055,5.711451451939739,0.0031595723634699415,1500.0,0.0,reclaimed_water_substitution_ratio,0.4,"[None, 0.0]","[[250.0, 1500.0]]",True
12,1.2071054944027784,5.402550061812484,0.001057993338344651,1500.0,0.0,reclaimed_water_substitution_ratio,0.4,"[None, 0.0]","[[250.0, 1500.0]]",True
13,1.2572250200606916,3.426105047575522,0.006515292716816187,1250.0,0.0,reclaimed_water_substitution_ratio,0.4,"[None, 0.0]","[[250.0, 1250.0]]",True
14,1.346241170778046,5.808106864480147,0.0026584935218112965,1250.0,0.0,reclaimed_water_substitution_ratio,0.4,"[None, 0.0]","[[250.0, 1250.0]]",True
15,1.236248052513507,5.344974549478962,0.0014461939169717543,1500.0,0.0,reclaimed_water_substitution_ratio,0.4,"[None, 0.0]","[[250.0, 1500.0]]",True
16,1.3166723210763425,5.492341064893763,0.0076086228922812305,1250.0,0.0,reclaimed_water_substitution_ratio,0.4,"[None, 0.0]","[[250.0, 1250.0]]",True
17,1.1759654024261714,4.672807101858886,0.003923537539199582,1500.0,0.0,reclaimed_water_substitution_ratio,0.4,"[None, 0.0]","[[250.0, 1500.0]]",True
18,1.3343651682776214,3.251044198307013,0.005880825588066307,1250.0,0.0,reclaimed_water_substitution_ratio,0.4,"[None, 0.0]","[[250.0, 1250.0]]",True
19,1.2565258110777813,4.098541921295184,0.0045721141038216374,1250.0,0.0,reclaimed_water_substitution_ratio,0.4,"[None, 0.0]","[[250.0, 1250.0]]",True
20,1.1608358202650417,5.325787940572167,0.0052443578003633085,1500.0,0.0,reclaimed_water_substitution_ratio,0.4,"[None, 0.0]","[[250.0, 1500.0]]",True
21,1.2204806514715432,7.799193569463259,0.0035159461430836134,1500.0,0.0,reclaimed_water_substitution_ratio,0.4,"[None, 0.0]","[[250.0, 1500.0]]",True
22,1.16952003909512,5.4891705775996185,0.0068882889031720036,1500.0,0.0,reclaimed_water_substitution_ratio,0.4,"[None, 0.0]","[[250.0, 1500.0]]",True
23,1.2679924290327036,4.719866165251827,0.00579199137947649,1250.0,0.0,reclaimed_water_substitution_ratio,0.4,"[None, 0.0]","[[250.0, 1250.0]]",True
24,1.3200236007421233,6.241563703306038,0.004029279041126004,1250.0,0.0,reclaimed_water_substitution_ratio,0.4,"[None, 0.0]","[[250.0, 1250.0]]",True
25,1.2627955564601856,6.148016768021126,0.006721201623477014,1500.0,0.0,reclaimed_water_substitution_ratio,0.4,"[None, 0.0]","[[250.0, 1500.0]]",True
26,1.1626673159806562,8.574336882571142,0.0038076368620596317,1500.0,0.0,reclaimed_water_substitution_ratio,0.4,"[None, 0.0]","[[250.0, 1500.0]]",True
27,1.2215934979128178,5.237661139914209,0.0014357544152622502,1500.0,0.0,reclaimed_water_substitution_ratio,0.4,"[None, 0.0]","[[250.0, 1500.0]]",True
28,1.2160557258526572,8.733035607013168,0.002338427644886381,1500.0,0.0,reclaimed_water_substitution_ratio,0.4,"[None, 0.0]","[[250.0, 1500.0]]",True
29,1.21427290957426,5.955922336170511,0.00440452300048076,1500.0,0.0,reclaimed_water_substitution_ratio,0.4,"[None, 0.0]","[[250.0, 1500.0]]",True
30,1.15846462837584,8.592545557948078,0.004303882782899121,1500.0,0.0,reclaimed_water_substitution_ratio,0.4,"[None, 0.0]","[[250.0, 1500.0]]",True
31,1.1520961559531824,6.419444397708393,0.0021552627612207737,1500.0,0.0,reclaimed_water_substitution_ratio,0.4,"[None, 0.0]","[[250.0, 1500.0]]",True
32,1.2982200008344418,4.308316535320393,0.005093514927813337,1250.0,0.0,reclaimed_water_substitution_ratio,0.4,"[None, 0.0]","[[250.0, 1250.0]]",True
33,1.172254399812599,6.548526559982124,0.00796115620509617,1500.0,0.0,reclaimed_water_substitution_ratio,0.4,"[None, 0.0]","[[250.0, 1500.0]]",True
34,1.2243583851963118,4.995778623371492,0.007510661476205051,1500.0,0.0,reclaimed_water_substitution_ratio,0.4,"[None, 0.0]","[[250.0, 1500.0]]",True
35,1.2186646653350002,4.502735253730625,0.005753904623665226,1500.0,0.0,reclaimed_water_substitution_ratio,0.4,"[None, 0.0]","[[250.0, 1500.0]]",True
36,1.184354132692652,8.183639784676565,0.006537109409531979,1500.0,0.0,reclaimed_water_substitution_ratio,0.4,"[None, 0.0]","[[250.0, 1500.0]]",True
37,1.3004402700782622,4.337241324245135,0.0014594224172049869,1250.0,0.0,reclaimed_water_substitution_ratio,0.4,"[None, 0.0]","[[250.0, 1250.0]]",True
38,1.242694558484366,3.5975847322883316,0.005707967466487558,1250.0,0.0,reclaimed_water_substitution_ratio,0.4,"[None, 0.0]","[[250.0, 1250.0]]",True
39,1.18966241100378,8.48888570961246,0.007989789312788974,1500.0,0.0,reclaimed_water_substitution_ratio,0.4,"[None, 0.0]","[[250.0, 1500.0]]",True
